Start,End,Sleep Quality,Steps,Movements per hour,Time in bed (seconds),Time asleep (seconds),SQ*in_bed
12-05-2019 23:26,13-05-2019 06:11,60%,8350,35,24289.2,22993.8,14573.52
13-05-2019 22:10,14-05-2019 06:10,73%,4746,78.6,28810.2,25160.9,21031.446
14-05-2019 21:43,15-05-2019 06:10,86%,4007,60.5,30461.5,28430.8,26196.89
15-05-2019 23:11,16-05-2019 06:13,77%,6578,45.2,25327.6,23132.5,19502.252
16-05-2019 23:12,17-05-2019 06:20,78%,4913,44.6,25698.4,22614.6,20044.752
19-05-2019 01:25,19-05-2019 08:43,72%,4020,58,26278.2,20759.8,18920.304
20-05-2019 22:41,21-05-2019 06:22,73%,5133,64,27705.2,24565.2,20224.796
21-05-2019 22:39,22-05-2019 06:00,78%,4927,51,26488.8,22780.4,20661.264
22-05-2019 22:36,23-05-2019 06:03,84%,6637,43.5,26819.9,25925.9,22528.716
23-05-2019 23:15,24-05-2019 06:33,88%,4298,31.6,26304.2,23761.4,23147.696
26-05-2019 00:21,26-05-2019 08:19,71%,4741,69,28708.4,26603.1,20382.964
26-05-2019 22:49,27-05-2019 06:09,73%,6110,56.5,26417.5,22190.7,19284.775
27-05-2019 22:31,28-05-2019 05:43,74%,3999,52.4,25882,23466.4,19152.68
28-05-2019 22:57,29-05-2019 06:01,75%,5811,49.1,25422.7,22711,19067.025
29-05-2019 22:24,30-05-2019 06:10,92%,5256,34.9,27976.8,26111.6,25738.656
30-05-2019 21:58,31-05-2019 06:12,73%,5286,68.2,29627.1,26664.3,21627.783
31-05-2019 23:28,01-06-2019 06:39,85%,4188,35,25888.3,23299.5,22005.055
01-06-2019 22:27,02-06-2019 07:02,97%,11111,40.3,30908.4,28538.8,29981.148
02-06-2019 22:34,03-06-2019 06:11,75%,11651,56.3,27427,24501.4,20570.25
03-06-2019 22:45,04-06-2019 06:11,84%,7521,39.7,26737.4,24865.8,22459.416
04-06-2019 21:47,05-06-2019 06:47,100%,7373,40.4,32414.1,29929,32414.1
05-06-2019 22:28,06-06-2019 05:41,75%,703,48.8,25941.1,22828.2,19455.825
06-06-2019 21:51,07-06-2019 07:10,87%,7657,56.6,33543,28846.9,29182.41
07-06-2019 23:50,08-06-2019 07:54,81%,3240,53.4,29015.9,27081.5,23502.879
09-06-2019 00:25,09-06-2019 07:37,77%,7252,46.6,25974.2,22251.2,20000.134
09-06-2019 22:15,10-06-2019 06:33,76%,6679,61.5,29884.8,28789,22712.448
10-06-2019 22:23,11-06-2019 06:00,87%,1095,39.9,27443.1,26436.9,23875.497
11-06-2019 22:30,12-06-2019 06:20,85%,5268,44.4,28172.3,26575.9,23946.455
12-06-2019 21:43,13-06-2019 05:50,90%,5385,42,29209.3,25120,26288.37
13-06-2019 23:07,14-06-2019 06:10,68%,6441,56.4,25371.4,23426.3,17252.552
14-06-2019 23:25,15-06-2019 06:57,86%,10110,38.6,27100.1,22402.8,23306.086
15-06-2019 21:41,16-06-2019 07:53,88%,1177,54.5,36709.5,31692.5,32304.36
16-06-2019 22:03,17-06-2019 06:10,66%,9383,71,29258.1,22431.2,19310.346
17-06-2019 22:37,18-06-2019 05:40,65%,4934,60.5,25411.6,22531.6,16517.54
18-06-2019 22:21,19-06-2019 06:30,86%,10232,47.9,29327.3,26394.6,25221.478
19-06-2019 23:33,20-06-2019 05:50,72%,12379,38.9,22622.4,19983.1,16288.128
20-06-2019 22:36,21-06-2019 04:51,69%,7004,43.5,22515.2,21389.4,15535.488
01-07-2019 22:06,02-07-2019 06:39,69%,497,72.3,30790.3,24940.2,21245.307
02-07-2019 22:16,03-07-2019 06:00,62%,7203,73.9,27808.7,25769.4,17241.394
03-07-2019 22:33,04-07-2019 06:01,68%,4547,63,26854.1,22288.9,18260.788
04-07-2019 22:29,05-07-2019 06:00,71%,3733,60.4,27090.8,24020.5,19234.468
05-07-2019 23:43,06-07-2019 07:52,87%,7485,47.9,29313.2,26479.6,25502.484
07-07-2019 01:40,07-07-2019 07:35,68%,6540,39.7,21278.6,21136.8,14469.448
08-07-2019 22:44,09-07-2019 06:31,65%,20781,71.9,28013.7,25585.8,18208.905
09-07-2019 23:02,10-07-2019 05:35,71%,2493,45.9,23576.4,21061.6,16739.244
11-07-2019 20:30,12-07-2019 04:56,87%,1817,51.9,30402.3,27767.4,26450.001
12-07-2019 20:32,13-07-2019 04:31,94%,9034,36.6,28710.4,25360.8,26987.776
13-07-2019 20:26,14-07-2019 04:46,83%,4083,54.6,29974.9,24879.2,24879.167
14-07-2019 20:07,15-07-2019 04:09,99%,10803,30.6,28935.2,27681.3,28645.848
15-07-2019 19:25,16-07-2019 01:05,53%,5241,60.4,20426.8,17226.6,10826.204
16-07-2019 21:45,17-07-2019 05:57,58%,7143,86.5,29548.9,27382,17138.362
17-07-2019 22:12,18-07-2019 06:00,78%,4203,55.6,28106.8,22766.5,21923.304
18-07-2019 23:34,19-07-2019 07:28,86%,603,45.4,28423.8,24918.2,24444.468
21-07-2019 00:32,21-07-2019 08:22,88%,1784,42.3,28181,27993.2,24799.28
21-07-2019 22:58,22-07-2019 06:10,72%,10156,55.2,25895.5,21665.9,18644.76
22-07-2019 21:20,23-07-2019 05:55,84%,4257,57.5,30902,27914.8,25957.68
23-07-2019 22:27,24-07-2019 06:05,54%,4041,86.9,27499.4,24474.5,14849.676
24-07-2019 22:34,25-07-2019 06:08,92%,4935,31.5,27262.4,25626.7,25081.408
27-07-2019 22:28,28-07-2019 04:56,66%,3285,53.4,23285.4,19249.3,15368.364
28-07-2019 21:44,29-07-2019 06:10,87%,8026,51.4,30343.5,28017.2,26398.845
29-07-2019 22:55,30-07-2019 06:06,72%,8556,54.6,25813,22973.6,18585.36
30-07-2019 22:58,31-07-2019 06:06,84%,5046,36.3,25696.6,25011.4,21585.144
31-07-2019 22:31,01-08-2019 06:11,80%,241,49.9,27628.7,23944.9,22102.96
01-08-2019 23:24,02-08-2019 07:41,100%,4256,32.5,29844.2,27954,29844.2
05-08-2019 00:36,05-08-2019 08:45,89%,6618,45,29370.5,28489.4,26139.745
05-08-2019 23:02,06-08-2019 06:12,82%,2169,39.2,25807,22366.1,21161.74
06-08-2019 23:11,07-08-2019 06:20,75%,7872,48.5,25740.3,21793.4,19305.225
07-08-2019 23:36,08-08-2019 06:21,78%,6248,37.1,24276.4,22010.6,18935.592
08-08-2019 22:40,09-08-2019 06:26,80%,5069,50.3,27940.4,24121.9,22352.32
09-08-2019 22:45,10-08-2019 08:35,100%,3889,26.5,35417,35180.8,35417
10-08-2019 23:24,11-08-2019 07:32,94%,2217,37.7,29313.7,26186.9,27554.878
11-08-2019 21:21,12-08-2019 06:09,81%,22366,62.3,31639.8,28475.8,25628.238
12-08-2019 21:48,13-08-2019 06:10,86%,4028,50.9,30158.1,25936,25935.966
13-08-2019 23:28,14-08-2019 07:50,100%,5072,26.6,30144.7,28135.1,30144.7
14-08-2019 23:40,15-08-2019 06:02,77%,10122,30.9,22933.3,21939.5,17658.641
16-08-2019 02:09,16-08-2019 08:34,77%,9566,30.3,23103.8,22333.6,17789.926
16-08-2019 23:33,17-08-2019 08:15,100%,5519,30.6,31328.8,28926.9,31328.8
18-08-2019 22:47,19-08-2019 06:10,73%,4262,53.7,26617.4,22269.9,19430.702
19-08-2019 23:29,20-08-2019 06:10,71%,3865,46.3,24037.7,19871.2,17066.767
20-08-2019 23:11,21-08-2019 06:20,72%,3837,52.8,25744.7,21110.7,18536.184
21-08-2019 23:08,22-08-2019 06:21,77%,4237,45.2,25999.7,23399.7,20019.769
22-08-2019 22:33,23-08-2019 06:19,86%,5012,40.6,27955.7,26837.5,24041.902
23-08-2019 23:17,24-08-2019 07:00,94%,2281,28.8,27774,26755.6,26107.56
24-08-2019 22:41,25-08-2019 08:01,100%,2764,36.6,33594.3,29898.9,33594.3
25-08-2019 22:25,26-08-2019 06:10,94%,10333,28.2,27915.1,26519.3,26240.194
26-08-2019 22:12,27-08-2019 06:20,95%,4822,32.9,29254.5,28181.8,27791.775
27-08-2019 22:55,28-08-2019 06:20,94%,5267,21.7,26706.1,24658.6,25103.734
28-08-2019 22:51,29-08-2019 06:10,80%,6322,41.4,26354,24772.8,21083.2
29-08-2019 22:25,30-08-2019 05:52,82%,4289,40.4,26826.9,25843.2,21998.058
01-09-2019 23:17,02-09-2019 07:51,94%,531,40.2,30852.8,28590.2,29001.632
02-09-2019 22:54,03-09-2019 06:10,73%,6333,50.1,26162.9,23197.7,19098.917
03-09-2019 22:33,04-09-2019 06:10,76%,4801,51.5,27404.8,25395.2,20827.648
04-09-2019 22:42,05-09-2019 06:10,75%,4366,50.8,26928.2,26748.7,20196.15
05-09-2019 22:00,06-09-2019 06:21,93%,5200,38.9,30100.7,25686,27993.651
06-09-2019 23:37,07-09-2019 07:57,94%,5364,37.3,29993.9,27394.4,28194.266
08-09-2019 00:35,08-09-2019 08:41,97%,2830,29.2,29160.9,28966.5,28286.073
08-09-2019 23:23,09-09-2019 06:22,74%,7118,44.1,25111.7,23772.4,18582.658
09-09-2019 23:38,10-09-2019 06:30,79%,2779,34.3,24737.6,23748.1,19542.704
10-09-2019 22:26,11-09-2019 06:11,82%,192,55.8,27870.1,26476.6,22853.482
11-09-2019 22:39,12-09-2019 07:16,90%,4439,55.7,30984.1,27989,27885.69
12-09-2019 23:07,13-09-2019 06:20,80%,3272,46.6,25990.2,22784.8,20792.16
15-09-2019 23:05,16-09-2019 06:33,76%,949,53.7,26835.6,23168,20395.056
16-09-2019 22:26,17-09-2019 06:22,90%,8733,36.2,28578.9,26578.4,25721.01
17-09-2019 23:39,18-09-2019 06:20,77%,1184,35.9,24041.5,22278.5,18511.955
18-09-2019 22:46,19-09-2019 06:19,87%,2559,33.4,27184.4,23378.6,23650.428
19-09-2019 23:05,20-09-2019 06:23,80%,1710,38.2,26259.8,23546.3,21007.84
21-09-2019 00:57,21-09-2019 08:33,77%,5126,45.7,27377.2,25187,21080.444
22-09-2019 22:21,23-09-2019 06:22,75%,2746,51.8,28827.4,22965.8,21620.55
23-09-2019 22:36,24-09-2019 06:21,87%,2124,38.1,27851,25622.9,24230.37
24-09-2019 22:25,25-09-2019 06:20,86%,1626,40.4,28493.1,27068.4,24504.066
25-09-2019 23:13,26-09-2019 06:10,70%,2765,45.6,25074,22483,17551.8
27-09-2019 01:23,27-09-2019 07:14,75%,2435,23,21074.6,19880.3,15805.95
28-09-2019 00:42,28-09-2019 07:52,75%,3057,41.1,25815.2,24696.6,19361.4
29-09-2019 23:28,30-09-2019 06:20,59%,8483,56.5,24721.1,21754.6,14585.449
30-09-2019 22:24,01-10-2019 05:32,67%,2745,50.4,25671.1,21906,17199.637
01-10-2019 23:20,02-10-2019 06:03,62%,4497,52.8,24220.1,21959.6,15016.462
02-10-2019 22:46,03-10-2019 06:06,72%,4745,48.3,26408.2,23679.3,19013.904
03-10-2019 22:41,04-10-2019 06:10,82%,3973,39.3,26934.7,24510.6,22086.454
04-10-2019 23:36,05-10-2019 08:11,92%,2370,40.8,30859.9,30037,28391.108
05-10-2019 22:54,06-10-2019 07:55,85%,4003,50.3,32477.8,28905.2,27606.13
06-10-2019 22:56,07-10-2019 05:56,78%,6853,37.9,25201,23353,19656.78
07-10-2019 22:18,08-10-2019 06:00,49%,2263,81.6,27716.2,25960.8,13580.938
08-10-2019 22:55,09-10-2019 06:04,72%,2394,47.6,25767.1,24135.2,18552.312
09-10-2019 22:02,10-10-2019 06:08,88%,2404,40,29120.9,23782.1,25626.392
10-10-2019 22:46,11-10-2019 06:55,88%,3922,40.8,29341.1,26700.4,25820.168
12-10-2019 21:53,13-10-2019 08:37,70%,5140,69.2,38656.7,31311.9,27059.69
14-10-2019 00:02,14-10-2019 06:47,64%,7430,53.8,24303.4,23493.3,15554.176
14-10-2019 22:04,15-10-2019 06:04,68%,3814,64.4,28849.8,22983.6,19617.864
15-10-2019 22:05,16-10-2019 06:00,81%,2604,48,28506.4,26701,23090.184
16-10-2019 22:48,17-10-2019 06:42,70%,1606,61.5,28453.8,24849.7,19917.66
17-10-2019 20:59,18-10-2019 05:56,80%,946,60.3,32187.9,29612.9,25750.32
19-10-2019 00:31,19-10-2019 08:18,82%,3283,46.2,28014.3,27827.5,22971.726
19-10-2019 22:35,20-10-2019 08:07,77%,4527,65,34317.3,30428,26424.321
20-10-2019 22:03,21-10-2019 05:50,57%,6107,79.1,28003.1,25669.5,15961.767
21-10-2019 22:23,22-10-2019 05:42,73%,3060,52.2,26342.1,21776.1,19229.733
22-10-2019 22:20,23-10-2019 05:52,83%,3991,41.4,27131.6,24780.2,22519.228
23-10-2019 20:59,24-10-2019 06:04,92%,3816,49.8,32681.6,28977.7,30067.072
24-10-2019 22:19,25-10-2019 07:07,92%,2368,47.6,31685.9,29151.1,29151.028
25-10-2019 21:47,26-10-2019 07:09,78%,7632,66,33709.4,29776.6,26293.332
27-10-2019 22:34,28-10-2019 06:01,75%,7076,51.7,26853.2,23899.4,20139.9
28-10-2019 22:29,29-10-2019 05:59,75%,3601,52.2,27029.4,22074,20272.05
29-10-2019 22:13,30-10-2019 05:53,78%,3832,51,27643.3,24510.4,21561.774
02-11-2019 01:32,02-11-2019 08:37,91%,5259,18,25538.1,24005.8,23239.671
03-11-2019 23:09,04-11-2019 06:03,56%,3551,71.5,24810.5,21502.4,13893.88
04-11-2019 21:41,05-11-2019 06:02,75%,5003,62.3,30034.6,25629.5,22525.95
05-11-2019 22:06,06-11-2019 06:00,86%,3939,40.9,28458.4,25707.4,24474.224
06-11-2019 21:34,07-11-2019 06:01,100%,3301,24.5,30409.7,27774.2,30409.7
07-11-2019 22:22,08-11-2019 07:02,87%,3352,50.1,31181.5,28479.1,27127.905
11-11-2019 00:18,11-11-2019 08:00,96%,7011,22.8,27748.7,26823.7,26638.752
11-11-2019 21:50,12-11-2019 05:33,88%,2708,34.9,27801.4,26318.7,24465.232
12-11-2019 21:55,13-11-2019 06:36,95%,4046,40.3,31266.4,28244,29703.08
13-11-2019 23:00,14-11-2019 06:11,68%,3140,56.2,25875.5,23115.4,17595.34
14-11-2019 22:18,15-11-2019 07:00,94%,3381,41.6,31301.9,27232.7,29423.786
16-11-2019 22:39,17-11-2019 07:55,100%,3453,20.2,33401.2,32510.5,33401.2
17-11-2019 21:58,18-11-2019 06:01,93%,6132,31.9,29016.1,27855.5,26984.973
18-11-2019 22:13,19-11-2019 06:01,100%,7488,0,28093.2,27905.9,28093.2
19-11-2019 21:57,20-11-2019 06:11,84%,1968,47.1,29672.6,29474.8,24924.984
20-11-2019 22:50,21-11-2019 05:57,80%,2662,36.3,25587.1,23540.1,20469.68
21-11-2019 21:43,22-11-2019 07:36,100%,4203,27.6,35584.8,30721.6,35584.8
23-11-2019 00:29,23-11-2019 08:03,83%,4436,38.8,27213.8,24492.4,22587.454
24-11-2019 22:28,25-11-2019 05:41,86%,4416,27.3,25970,24411.8,22334.2
25-11-2019 22:20,26-11-2019 06:06,92%,3680,29,27984.5,24626.3,25745.74
26-11-2019 22:51,27-11-2019 06:01,84%,4091,29.5,25816.8,24956.3,21686.112
27-11-2019 21:21,28-11-2019 06:22,100%,2122,31.1,32407.6,31435.4,32407.6
28-11-2019 22:38,29-11-2019 06:42,99%,4100,23.2,28991.7,28218.6,28701.783
29-11-2019 22:50,30-11-2019 08:04,100%,14631,23.5,33245.2,33023.5,33245.2
30-11-2019 23:18,01-12-2019 08:33,100%,166,30.1,33283,33061.1,33283
01-12-2019 23:12,02-12-2019 06:22,68%,2646,54,25769.4,21646.3,17523.192
02-12-2019 21:13,03-12-2019 05:36,100%,7571,21.4,30190.1,29083.1,30190.1
03-12-2019 22:27,04-12-2019 05:32,80%,6955,32.6,25467.7,24788.5,20374.16
04-12-2019 21:30,05-12-2019 05:41,94%,5631,31.3,29486.7,27914.1,27717.498
05-12-2019 21:47,06-12-2019 05:55,66%,6949,70.7,29274.3,27127.5,19321.038
06-12-2019 22:59,07-12-2019 07:46,80%,220,59.2,31615.2,28348.3,25292.16
08-12-2019 21:31,09-12-2019 07:56,87%,7927,52.1,37530.3,32276.1,32651.361
09-12-2019 22:41,10-12-2019 06:42,89%,6381,35.5,28851.3,28658.9,25677.657
10-12-2019 22:37,11-12-2019 05:44,83%,2040,28.3,25567.6,24459.7,21221.108
11-12-2019 23:12,12-12-2019 06:08,70%,2439,47.2,24919.3,20516.9,17443.51
12-12-2019 21:32,13-12-2019 05:02,76%,3000,46.6,27036,24512.7,20547.36
13-12-2019 23:40,14-12-2019 08:03,100%,9082,24.2,30169.5,29968.4,30169.5
15-12-2019 00:05,15-12-2019 08:45,97%,1418,34.2,31186.8,30978.9,30251.196
15-12-2019 21:46,16-12-2019 05:01,79%,1522,37.6,26100.5,22881.4,20619.395
16-12-2019 21:52,17-12-2019 05:08,78%,6994,39.5,26190.4,24531.6,20428.512
17-12-2019 21:31,18-12-2019 05:03,81%,5266,39,27094.2,26913.6,21946.302
18-12-2019 21:54,19-12-2019 05:05,85%,5406,27.3,25817.5,24956.9,21944.875
19-12-2019 22:18,20-12-2019 06:30,95%,3498,29.4,29547.3,27085,28069.935
20-12-2019 20:11,21-12-2019 08:10,94%,581,43.1,43094.3,34619.1,40508.642
21-12-2019 22:28,22-12-2019 08:52,88%,954,49.9,37451.1,34455,32956.968
22-12-2019 21:12,23-12-2019 07:02,82%,1660,58.2,35395.4,31265.9,29024.228
23-12-2019 22:41,24-12-2019 07:36,73%,2938,69.1,32108.3,24295.3,23439.059
24-12-2019 22:04,25-12-2019 06:30,80%,363,54.7,30356.8,28029.5,24285.44
27-12-2019 01:21,27-12-2019 08:29,85%,1595,25.6,25688.2,24403.8,21834.97
28-12-2019 00:32,28-12-2019 09:29,100%,6042,34.5,32238.4,31056.3,32238.4
28-12-2019 23:58,29-12-2019 08:00,82%,1387,49.8,28931.6,24206.1,23723.912
29-12-2019 23:07,30-12-2019 07:01,78%,1191,53.6,28459.7,24095.9,22198.566
30-12-2019 23:50,31-12-2019 08:09,73%,3622,63.8,29922.1,25932.4,21843.133
01-01-2020 23:51,02-01-2020 07:10,79%,4078,44.6,26335.4,22824,20804.966
02-01-2020 23:28,03-01-2020 07:00,35%,190,119.5,27113,20605.9,9489.55
04-01-2020 22:45,05-01-2020 08:36,81%,3487,67.4,35485.7,32055.5,28743.417
05-01-2020 22:32,06-01-2020 05:13,60%,2484,67.2,24023.6,18978.6,14414.16
06-01-2020 21:14,07-01-2020 05:13,79%,5285,57,28738.2,23086.3,22703.178
07-01-2020 21:58,08-01-2020 05:12,68%,6538,62.6,26012.6,21070.2,17688.568
08-01-2020 22:13,09-01-2020 05:11,68%,4938,58.4,25069.2,21977.3,17047.056
09-01-2020 22:00,10-01-2020 05:13,61%,4245,75,25999.5,22966.2,15859.695
12-01-2020 21:52,13-01-2020 05:10,75%,9453,51.9,26272.8,21981.5,19704.6
13-01-2020 21:42,14-01-2020 05:10,70%,6210,64.2,26881.2,24820.3,18816.84
14-01-2020 21:34,15-01-2020 05:11,75%,6315,57.5,27378,23362.6,20533.5
15-01-2020 22:15,16-01-2020 07:03,72%,5737,78.3,31714.2,25688.5,22834.224
16-01-2020 23:20,17-01-2020 07:01,67%,9200,72.4,27672.6,25274.3,18540.642
19-01-2020 22:08,20-01-2020 05:20,73%,2078,56,25945.1,23091.1,18939.923
20-01-2020 21:30,21-01-2020 05:11,75%,4038,60.1,27672.7,24075.2,20754.525
21-01-2020 21:32,22-01-2020 05:10,85%,5873,44,27473.7,24360,23352.645
22-01-2020 21:36,23-01-2020 06:25,67%,4160,87.2,31730.3,28768.8,21259.301
23-01-2020 21:47,24-01-2020 05:10,82%,3932,42.9,26566.7,25415.5,21784.694
25-01-2020 23:43,26-01-2020 08:30,75%,2816,75.9,31635.8,28577.7,23726.85
26-01-2020 22:16,27-01-2020 05:10,79%,81,39.6,24861.1,22043.5,19640.269
27-01-2020 21:15,28-01-2020 05:22,87%,4925,48,29214.8,26682.9,25416.876
28-01-2020 21:55,29-01-2020 06:01,86%,4718,49.4,29146.7,25940.6,25066.162
29-01-2020 21:14,30-01-2020 05:11,79%,4740,57.8,28625.2,26812.3,22613.908
30-01-2020 23:03,31-01-2020 07:00,78%,5180,60.4,28639.9,24821.3,22339.122
02-02-2020 22:37,03-02-2020 05:21,72%,3418,49.4,24268.2,22893,17473.104
03-02-2020 21:51,04-02-2020 05:14,80%,4615,46.7,26526.1,23785.1,21220.88
04-02-2020 23:00,05-02-2020 06:50,84%,5616,48.1,28185.4,23769.7,23675.736
05-02-2020 21:23,06-02-2020 05:13,68%,1392,73.3,28156.9,25059.6,19146.692
06-02-2020 22:36,07-02-2020 05:11,74%,5171,43,23695.2,21404.7,17534.448
07-02-2020 22:50,08-02-2020 07:39,96%,4452,46.2,31750,29315.8,30480
08-02-2020 23:42,09-02-2020 09:01,100%,7169,27.5,33548.6,31535.7,33548.6
09-02-2020 22:03,10-02-2020 05:17,78%,369,47.3,26026.3,23510.4,20300.514
10-02-2020 21:14,11-02-2020 05:54,88%,3692,54.8,31179.5,28373.3,27437.96
11-02-2020 22:04,12-02-2020 06:11,94%,5252,38.5,29258,26039.7,27502.52
12-02-2020 22:16,13-02-2020 05:10,69%,2030,57,24837,22684.4,17137.53
14-02-2020 21:08,15-02-2020 07:23,61%,960,97.2,36899.6,31979.7,22508.756
16-02-2020 23:57,17-02-2020 07:59,68%,20566,76.4,28889.8,26386,19645.064
17-02-2020 22:45,18-02-2020 06:43,78%,2091,60.6,28660.8,26081.3,22355.424
18-02-2020 22:43,19-02-2020 05:11,74%,1792,40.3,23297.3,20812.3,17240.002
19-02-2020 22:54,20-02-2020 05:14,72%,3982,39.9,22817.1,19318.5,16428.312
20-02-2020 22:56,21-02-2020 06:20,78%,10504,50,26653.6,22300.2,20789.808
21-02-2020 23:05,22-02-2020 07:17,77%,2578,64.1,29503.9,25373.3,22718.003
22-02-2020 22:55,23-02-2020 07:42,76%,1520,74.1,31632.1,28679.8,24040.396
23-02-2020 22:01,24-02-2020 05:11,74%,7060,53.9,25807.8,21420.5,19097.772
24-02-2020 22:17,25-02-2020 05:01,62%,1528,67.5,24247.3,20610.2,15033.326
25-02-2020 21:35,26-02-2020 05:05,80%,5043,50,27000,22320,21600
26-02-2020 21:34,27-02-2020 05:46,83%,4687,56.5,29528.3,26575.4,24508.489
27-02-2020 22:09,28-02-2020 06:56,89%,5680,56.6,31594.7,25591.7,28119.283
29-02-2020 01:22,29-02-2020 09:16,84%,7548,50,28440,27871.2,23889.6
01-03-2020 22:23,02-03-2020 05:11,68%,5002,58.3,24484.2,18771.2,16649.256
02-03-2020 21:29,03-03-2020 05:08,82%,5740,49.1,27571.3,24354.6,22608.466
03-03-2020 22:00,04-03-2020 05:13,76%,2062,51.7,25929.6,21435.1,19706.496
04-03-2020 22:18,05-03-2020 06:45,96%,3438,41.1,30464.1,27519.2,29245.536
06-03-2020 23:35,07-03-2020 07:10,71%,578,65.7,27345.4,23425.9,19415.234
08-03-2020 21:07,09-03-2020 05:08,67%,1847,77.3,28852.5,25294,19331.175
09-03-2020 22:19,10-03-2020 05:08,67%,3349,59.2,24541.4,19960.3,16442.738
10-03-2020 21:41,11-03-2020 05:12,78%,3867,53.7,27018.3,23866.2,21074.274
11-03-2020 21:33,12-03-2020 05:10,67%,63,72.8,27447.2,22781.2,18389.624
12-03-2020 23:16,13-03-2020 07:04,88%,5426,42.6,28078.8,25832.5,24709.344
14-03-2020 00:10,14-03-2020 06:37,61%,857,64.1,23184.3,17774.6,14142.423
14-03-2020 23:21,15-03-2020 07:32,84%,4155,55.5,29468.7,22690.9,24753.708
15-03-2020 22:01,16-03-2020 06:41,96%,2100,45,31244.7,28224.3,29994.912
16-03-2020 22:28,17-03-2020 06:51,98%,290,37.7,30183.6,27064.6,29579.928
17-03-2020 22:10,18-03-2020 06:53,92%,593,51.5,31386.2,25318.2,28875.304
18-03-2020 21:58,19-03-2020 06:02,96%,5383,34.3,29018,25245.6,27857.28
19-03-2020 21:38,20-03-2020 06:18,92%,295,50.3,31211.7,28922.8,28714.764
20-03-2020 23:05,21-03-2020 07:04,87%,1156,47.5,28770.5,23975.4,25030.335
22-03-2020 00:50,22-03-2020 08:17,82%,3225,46.1,26786.5,24911.5,21964.93
22-03-2020 21:52,23-03-2020 06:33,92%,290,50.7,31260.3,25946.1,28759.476
23-03-2020 21:37,24-03-2020 06:03,99%,189,36.4,30347.6,28223.3,30044.124
24-03-2020 22:06,25-03-2020 05:32,75%,87,56,26751.5,23095.5,20063.625
25-03-2020 22:45,26-03-2020 06:18,80%,93,49.8,27175,25635.1,21740
26-03-2020 22:36,27-03-2020 06:23,86%,255,44.3,28018.5,25123.3,24095.91
27-03-2020 23:14,28-03-2020 08:09,99%,3079,44.4,32119.1,29549.5,31797.909
28-03-2020 23:12,29-03-2020 07:00,85%,4587,46.4,28064.2,24696.5,23854.57
29-03-2020 21:39,30-03-2020 05:11,89%,249,35.7,27112.7,25847.4,24130.303
30-03-2020 22:08,31-03-2020 05:22,83%,2748,40.3,26042.1,23785.1,21614.943
31-03-2020 21:37,01-04-2020 05:10,84%,1555,44.1,27230.4,26141.1,22873.536
01-04-2020 21:44,02-04-2020 05:11,78%,1721,50.7,26822.4,23335.5,20921.472
02-04-2020 22:06,03-04-2020 06:01,86%,2240,45.9,28499.6,23844.7,24509.656
03-04-2020 23:19,04-04-2020 07:01,92%,2897,34.2,27713.1,25865.6,25496.052
04-04-2020 22:31,05-04-2020 07:47,100%,2020,42.4,33394.3,28607.8,33394.3
05-04-2020 21:51,06-04-2020 05:22,76%,999,54.8,27026.6,22432.1,20540.216
06-04-2020 21:45,07-04-2020 05:34,86%,7636,45.3,28101.1,24448,24166.946
07-04-2020 22:34,08-04-2020 05:30,75%,7041,46.2,24977.4,23811.8,18733.05
08-04-2020 21:59,09-04-2020 05:32,88%,2711,37.5,27173.7,21920.1,23912.856
09-04-2020 21:33,10-04-2020 07:03,100%,1073,42,34178.3,30532.6,34178.3
10-04-2020 23:46,11-04-2020 08:12,91%,10147,46.5,30340.7,26902.1,27610.037
11-04-2020 23:23,12-04-2020 08:39,100%,4115,34.3,33387.4,32719.7,33387.4
12-04-2020 22:28,13-04-2020 07:07,96%,4154,43.7,31119.3,27903.6,29874.528
13-04-2020 23:50,14-04-2020 08:01,86%,14610,49.4,29464.7,26518.2,25339.642
14-04-2020 22:31,15-04-2020 07:15,64%,2949,86.3,31453.1,27154.5,20129.984
15-04-2020 21:24,16-04-2020 07:07,99%,2846,43.9,34942.8,31099.1,34593.372
16-04-2020 21:45,17-04-2020 06:52,81%,2690,67,32828.5,27685.4,26591.085
17-04-2020 22:00,18-04-2020 07:24,94%,4228,50.6,33839.6,28425.3,31809.224
19-04-2020 00:02,19-04-2020 08:24,88%,4325,49.4,30104,27996.7,26491.52
19-04-2020 21:22,20-04-2020 05:11,76%,2830,58.7,28148.8,24395.6,21393.088
20-04-2020 21:08,21-04-2020 05:23,82%,1593,56,29710.4,24659.6,24362.528
21-04-2020 21:20,22-04-2020 05:32,81%,2286,56.9,29559.5,25913.8,23943.195
22-04-2020 21:53,23-04-2020 05:32,81%,2759,48.8,27503.3,22461,22277.673
23-04-2020 21:28,24-04-2020 07:23,89%,234,57.4,35689.3,30573.8,31763.477
24-04-2020 22:21,25-04-2020 07:04,97%,2502,42.7,31387.6,27725.7,30445.972
25-04-2020 22:52,26-04-2020 07:42,93%,929,50.1,31807.4,26082.1,29580.882
26-04-2020 21:47,27-04-2020 05:42,88%,1777,43.1,28465.6,25049.7,25049.728
27-04-2020 21:24,28-04-2020 06:18,74%,1995,74.8,32022.7,28820.4,23696.798
28-04-2020 21:49,29-04-2020 05:00,84%,6643,36.5,25874.8,23632.3,21734.832
29-04-2020 21:57,30-04-2020 05:06,66%,2317,64.1,25745.8,21197.3,16992.228
30-04-2020 21:44,01-05-2020 05:11,68%,2390,66.1,26795.5,23669.4,18220.94
02-05-2020 00:16,02-05-2020 07:06,61%,1690,68.2,24623.2,22242.9,15020.152
02-05-2020 22:20,03-05-2020 07:33,77%,1018,72.4,33191.7,28434.2,25557.609
03-05-2020 23:03,04-05-2020 07:11,99%,972,32.2,29269.4,24391.2,28976.706
04-05-2020 22:08,05-05-2020 05:04,89%,2153,9.2,24935.1,24436.4,22192.239
06-05-2020 21:48,07-05-2020 05:01,77%,51,48.1,25972.8,22509.8,19999.056
07-05-2020 22:53,08-05-2020 06:36,82%,7553,48.4,27820.9,24018.7,22813.138
08-05-2020 21:18,09-05-2020 06:48,97%,5008,46.8,34205.7,32381.4,33179.529
09-05-2020 23:42,10-05-2020 07:51,90%,6556,43.2,29349.3,25240.4,26414.37
10-05-2020 22:12,11-05-2020 05:21,73%,7549,52.9,25739.2,21620.9,18789.616
11-05-2020 21:33,12-05-2020 05:35,74%,3965,64.5,28890.4,24749.4,21378.896
12-05-2020 21:51,13-05-2020 05:13,62%,2382,73.5,26504,23941.9,16432.48
13-05-2020 21:44,14-05-2020 05:02,76%,3387,50.9,26272.3,23382.4,19966.948
15-05-2020 22:45,16-05-2020 07:06,100%,3905,33,30068,27562.3,30068
17-05-2020 22:59,18-05-2020 07:15,89%,5630,47.4,29765.1,26590.1,26490.939
18-05-2020 22:27,19-05-2020 08:04,80%,3666,68.7,34655.4,29803.7,27724.32
19-05-2020 22:05,20-05-2020 07:03,67%,4404,84.8,32280.7,29375.4,21628.069
20-05-2020 20:45,21-05-2020 05:45,91%,3731,54.9,32446.5,28336.6,29526.315
22-05-2020 21:52,23-05-2020 07:41,55%,6065,102.7,35312.4,31781.1,19421.82
23-05-2020 22:58,24-05-2020 07:33,61%,2826,91.3,30882.7,26970.9,18838.447
24-05-2020 22:42,25-05-2020 06:51,38%,8467,125.8,29303.5,21196.2,11135.33
25-05-2020 21:49,26-05-2020 05:20,71%,110,64.4,27067.7,21473.7,19218.067
26-05-2020 22:01,27-05-2020 07:04,94%,3056,51.4,32605.7,27171.4,30649.358
27-05-2020 21:54,28-05-2020 05:13,72%,5299,59,26365.2,20916.4,18982.944
28-05-2020 22:22,29-05-2020 07:14,90%,1829,55.9,31947.9,28646.6,28753.11
29-05-2020 23:43,30-05-2020 08:05,96%,2194,38.7,30088.5,26177,28884.96
30-05-2020 23:10,31-05-2020 07:49,83%,13172,62.8,31105.4,25610.1,25817.482
31-05-2020 23:18,01-06-2020 07:08,89%,11414,40.5,28178.9,24609.5,25079.221
01-06-2020 21:56,02-06-2020 05:24,50%,904,101.3,26875.1,24366.8,13437.55
02-06-2020 21:53,03-06-2020 05:12,62%,3917,77,26318.8,22195.5,16317.656
03-06-2020 21:58,04-06-2020 06:55,100%,4670,40.3,32196.7,29084.3,32196.7
04-06-2020 23:59,05-06-2020 07:49,48%,254,109.5,28186.6,26025.6,13529.568
06-06-2020 00:34,06-06-2020 09:08,94%,1448,45.3,30822.6,27945.8,28973.244
06-06-2020 23:15,07-06-2020 08:29,91%,4560,56.7,33206.1,30549.6,30217.551
07-06-2020 22:00,08-06-2020 05:11,59%,407,82.7,25864.3,24398.7,15259.937
08-06-2020 21:41,09-06-2020 05:44,34%,9774,141.5,28971.6,27619.6,9850.344
09-06-2020 21:53,10-06-2020 05:10,70%,159,64.1,26249.6,21174.7,18374.72
10-06-2020 21:54,11-06-2020 05:26,38%,5905,134,27155.9,20185.9,10319.242
11-06-2020 21:38,12-06-2020 05:36,71%,7253,76.6,28698,23628,20375.58
13-06-2020 23:42,14-06-2020 08:44,100%,4418,43.4,32514.9,30780.8,32514.9
14-06-2020 22:11,15-06-2020 05:20,39%,1149,130.9,25770.2,18984.1,10050.378
15-06-2020 22:27,16-06-2020 05:12,82%,2485,26.1,24244,20526.6,19880.08
16-06-2020 22:59,17-06-2020 05:23,56%,5992,80,23081.4,20696.4,12925.584
17-06-2020 22:06,18-06-2020 05:24,71%,143,63.8,26252.2,23189.4,18639.062
18-06-2020 22:52,19-06-2020 06:57,89%,5921,45.2,29114,24455.8,25911.46
19-06-2020 22:54,20-06-2020 08:14,98%,7596,46.9,33627.9,27014.4,32955.342
21-06-2020 23:22,22-06-2020 05:53,78%,4657,27.8,23414.4,21931.5,18263.232
22-06-2020 22:07,23-06-2020 05:04,80%,1896,35.2,25005.7,23505.4,20004.56
23-06-2020 22:03,24-06-2020 06:38,94%,969,45.3,30882.5,23573.6,29029.55
24-06-2020 23:14,25-06-2020 07:16,69%,1780,82.4,28899.5,25913.2,19940.655
25-06-2020 22:54,26-06-2020 05:26,75%,3073,36.8,23505,21311.2,17628.75
26-06-2020 22:57,27-06-2020 08:19,100%,4850,38.8,33713.5,32027.8,33713.5
27-06-2020 22:27,28-06-2020 07:57,95%,4077,50.4,34182.8,25637.1,32473.66
28-06-2020 22:28,29-06-2020 05:01,57%,6141,80.3,23564.2,21129.2,13431.594
29-06-2020 22:48,30-06-2020 05:32,68%,5095,58.7,24240.4,18907.5,16483.472
30-06-2020 22:25,01-07-2020 07:03,91%,1645,52.4,31119,25102.7,28318.29
01-07-2020 23:22,02-07-2020 07:30,100%,6452,24.3,29260.2,25846.5,29260.2
02-07-2020 22:51,03-07-2020 06:16,68%,2302,73.3,26656.4,23279.9,18126.352
03-07-2020 23:18,04-07-2020 07:35,92%,3122,41.8,29790.2,24030.7,27406.984
04-07-2020 23:06,05-07-2020 07:25,97%,20015,33.1,29915.4,27821.3,29017.938
05-07-2020 22:26,06-07-2020 07:05,94%,9296,45.3,31155,26274.1,29285.7
06-07-2020 22:10,07-07-2020 05:28,53%,7452,103,26223.3,23688.4,13898.349
09-07-2020 23:08,10-07-2020 06:19,65%,9246,75.1,25879.9,22946.9,16821.935
10-07-2020 22:42,11-07-2020 06:20,77%,7512,58.3,27477.1,24271.5,21157.367
11-07-2020 23:39,12-07-2020 07:02,67%,10612,75.6,26548.3,22123.6,17787.361
12-07-2020 21:59,13-07-2020 06:10,92%,10151,40,29498.2,25073.5,27138.344
13-07-2020 22:05,14-07-2020 06:22,77%,275,71,29833,23070.8,22971.41
14-07-2020 22:02,15-07-2020 06:38,100%,4071,35,30964.5,26629.5,30964.5
15-07-2020 22:51,16-07-2020 05:23,68%,94,52.6,23497,21382.3,15977.96
16-07-2020 23:26,17-07-2020 07:11,91%,6963,31.7,27888.1,25564.1,25378.171
17-07-2020 23:53,18-07-2020 07:55,78%,9780,64.4,28909.9,24766.1,22549.722
18-07-2020 23:46,19-07-2020 07:22,65%,5918,83.1,27368.1,24266.4,17789.265
19-07-2020 22:34,20-07-2020 06:03,69%,9584,71.4,26899.9,21520,18560.931
20-07-2020 22:09,21-07-2020 06:05,88%,4664,43.3,28563.1,25040.3,25135.528
21-07-2020 22:42,22-07-2020 06:35,84%,5487,49.1,28412.4,23771.7,23866.416
22-07-2020 22:40,23-07-2020 06:37,80%,396,58.3,28615.6,21747.9,22892.48
23-07-2020 22:40,24-07-2020 05:52,73%,4830,57.4,25906.8,22798,18911.964
24-07-2020 22:25,25-07-2020 07:14,87%,966,61.5,31758.1,25300.6,27629.547
25-07-2020 22:24,26-07-2020 06:53,77%,5456,75.3,30517.1,27363.7,23498.167
26-07-2020 22:24,27-07-2020 05:02,65%,9737,62.3,23895.3,17363.9,15531.945
27-07-2020 05:05,27-07-2020 05:36,7%,9737,0,1852.8,1815.8,129.696
27-07-2020 05:36,27-07-2020 06:54,17%,9737,0,4664.4,4571.2,792.948
27-07-2020 22:10,28-07-2020 05:00,69%,2406,58.1,24647.9,20704.3,17007.051
28-07-2020 21:56,29-07-2020 05:18,85%,4290,36.1,26524.6,22899.6,22545.91
29-07-2020 22:12,30-07-2020 05:03,68%,8801,61,24708.3,21084.4,16801.644
30-07-2020 05:04,30-07-2020 07:18,26%,8801,33.7,8050.3,3193.3,2093.078
30-07-2020 23:04,31-07-2020 06:22,80%,1897,44,26239.7,25102.6,20991.76
31-07-2020 22:21,01-08-2020 05:40,87%,1870,30.2,26338.4,20895.1,22914.408
01-08-2020 21:47,02-08-2020 04:33,79%,4018,33.7,24341.1,21095.6,19229.469
02-08-2020 22:21,03-08-2020 08:15,100%,6266,29.3,35634.9,34922.2,35634.9
03-08-2020 22:27,04-08-2020 05:31,82%,10618,33.5,25424.1,24915.6,20847.762
04-08-2020 22:15,05-08-2020 05:34,71%,5139,65,26344.1,22831.5,18704.311
05-08-2020 22:00,06-08-2020 05:03,84%,1910,29.2,25359.5,23246.2,21301.98
06-08-2020 21:56,07-08-2020 05:02,67%,7679,68.6,25524.1,23652.3,17101.147
07-08-2020 22:40,08-08-2020 06:13,75%,3006,59.9,27133.5,23515.7,20350.125
08-08-2020 22:10,09-08-2020 07:11,75%,10778,86.2,32428.3,30158.3,24321.225
09-08-2020 22:29,10-08-2020 05:44,60%,2487,86.6,26065,21460.2,15639
10-08-2020 22:35,11-08-2020 05:36,61%,2212,81.5,25258.9,21891,15407.929
11-08-2020 22:00,12-08-2020 05:32,84%,1767,42.6,27139.3,23520.7,22797.012
12-08-2020 22:56,13-08-2020 06:40,62%,4358,91.1,27844.1,22182.4,17263.342
13-08-2020 23:02,14-08-2020 07:14,90%,166,45.4,29534.6,25695.1,26581.14
14-08-2020 22:50,15-08-2020 07:50,100%,4424,42.6,32367,30209.2,32367
15-08-2020 23:50,16-08-2020 07:20,75%,3810,60.2,27016.3,23954.4,20262.225
16-08-2020 22:22,17-08-2020 05:26,59%,6718,85.6,25405.3,21425.1,14989.127
18-08-2020 22:06,19-08-2020 05:32,78%,166,52.2,26780.1,20352.9,20888.478
19-08-2020 22:29,20-08-2020 05:00,70%,3002,47.4,23444.1,19771.2,16410.87
20-08-2020 22:03,21-08-2020 05:11,74%,2041,53.7,25681,21572,19003.94
21-08-2020 21:24,22-08-2020 05:11,46%,355,125.8,27999.2,26225.9,12879.632
22-08-2020 23:09,23-08-2020 06:54,75%,4170,64.7,27915.6,24193.5,20936.7
23-08-2020 21:59,24-08-2020 05:24,70%,40,70.3,26669.6,22046.9,18668.72
24-08-2020 23:01,25-08-2020 06:11,55%,961,97.2,25803.2,20470.5,14191.76
25-08-2020 22:18,26-08-2020 05:13,68%,2635,62.9,24891.1,20410.7,16925.948
26-08-2020 21:35,27-08-2020 05:32,67%,1247,86.9,28627.1,25573.6,19180.157
27-08-2020 22:07,28-08-2020 05:22,86%,1478,31.5,26090.5,24351.1,22437.83
28-08-2020 22:44,29-08-2020 07:17,87%,1846,57.8,30811.6,24546.5,26806.092
29-08-2020 23:10,30-08-2020 07:00,56%,8061,106.6,28180.2,20853.3,15780.912
30-08-2020 21:49,31-08-2020 05:24,85%,7376,41.2,27324.3,25138.3,23225.655
01-09-2020 00:20,01-09-2020 07:06,53%,190,96.8,24354.9,21026.4,12908.097
01-09-2020 22:47,02-09-2020 05:13,65%,926,59.8,23188.6,19864.9,15072.59
02-09-2020 22:22,03-09-2020 05:10,80%,326,32.2,24480.1,23174.5,19584.08
03-09-2020 21:25,04-09-2020 05:56,77%,3861,76.2,30614.9,26328.8,23573.473
04-09-2020 22:09,05-09-2020 05:16,76%,3619,50,25627.5,23919,19476.9
06-09-2020 21:22,07-09-2020 06:37,96%,2782,50.8,33287.5,29736.9,31956
07-09-2020 21:58,08-09-2020 06:12,56%,5380,113.6,29631.4,24001.5,16593.584
08-09-2020 21:09,09-09-2020 06:10,91%,7271,60,32489.5,25125.2,29565.445
09-09-2020 22:12,10-09-2020 06:18,74%,8316,76.3,29194.6,23161,21604.004
10-09-2020 22:30,11-09-2020 06:09,72%,29359,71.2,27505.2,24663,19803.744
11-09-2020 21:54,12-09-2020 06:00,83%,15376,57.8,29161.6,24787.4,24204.128
12-09-2020 22:13,13-09-2020 06:17,93%,5640,36.5,29059.4,27412.7,27025.242
13-09-2020 22:06,14-09-2020 06:18,92%,16810,40.4,29543.7,25801.5,27180.204
14-09-2020 22:09,15-09-2020 06:27,61%,500,106.7,29837.5,26257,18200.875
15-09-2020 22:20,16-09-2020 06:32,86%,2524,52.3,29477,25252,25350.22
16-09-2020 21:32,17-09-2020 05:08,82%,2191,48.3,27352.3,22064.2,22428.886
17-09-2020 21:14,18-09-2020 06:20,84%,5679,72.1,32768.9,28618.2,27525.876
18-09-2020 23:50,19-09-2020 07:10,81%,10959,44.3,26358.7,22580.6,21350.547
19-09-2020 22:57,20-09-2020 07:17,64%,11769,101.2,30042.2,27238.2,19227.008
20-09-2020 23:31,21-09-2020 06:40,72%,8921,61.1,25766.3,21815.5,18551.736
21-09-2020 21:55,22-09-2020 05:28,85%,2440,40.1,27144.9,24430.4,23073.165
22-09-2020 21:13,23-09-2020 05:03,82%,1551,53.4,28218.5,22386.7,23139.17
23-09-2020 21:09,24-09-2020 05:11,77%,3166,67.9,28947.2,25956,22289.344
24-09-2020 22:35,25-09-2020 07:01,96%,6,38,30369.9,22676.2,29155.104
25-09-2020 22:50,26-09-2020 06:54,86%,3424,50.3,29042.8,25170.4,24976.808
26-09-2020 22:13,27-09-2020 05:33,81%,3312,44.3,26378.5,24004.4,21366.585
27-09-2020 21:54,28-09-2020 05:10,69%,3864,69,26209.1,22976.7,18084.279
28-09-2020 22:02,29-09-2020 05:05,77%,1470,47.2,25382.2,24113,19544.294
29-09-2020 21:48,30-09-2020 05:31,73%,1395,71.1,27799.9,23629.9,20293.927
30-09-2020 22:13,01-10-2020 05:02,76%,1311,41.5,24525.4,22563.4,18639.304
01-10-2020 21:33,02-10-2020 05:12,84%,1341,45.2,27586.5,24735.9,23172.66
02-10-2020 21:17,03-10-2020 05:00,79%,2346,58.1,27791.5,24641.8,21955.285
03-10-2020 22:38,04-10-2020 05:47,66%,8549,73,25692.4,20639.5,16956.984
04-10-2020 22:07,05-10-2020 06:33,65%,16513,99.6,30354,24485.5,19730.1
05-10-2020 20:51,06-10-2020 05:02,67%,740,92,29426.6,25208.8,19715.822
06-10-2020 21:56,07-10-2020 05:03,79%,4489,44,25577.2,24554.1,20205.988
07-10-2020 20:59,08-10-2020 05:08,81%,12532,62.3,29340.2,24352.4,23765.562
08-10-2020 22:05,09-10-2020 06:02,91%,8078,36.9,28642.4,27496.7,26064.584
10-10-2020 22:24,11-10-2020 08:09,77%,9783,86.4,35109.7,30311.4,27034.469
11-10-2020 22:57,12-10-2020 06:51,91%,6880,35.9,28447.8,26646.1,25887.498
12-10-2020 22:09,13-10-2020 05:05,69%,11938,62.1,24984.4,20070.8,17239.236
13-10-2020 21:36,14-10-2020 05:09,70%,5681,73.3,27157.5,24260.7,19010.25
14-10-2020 21:52,15-10-2020 05:02,69%,7498,68.3,25794.1,21581.1,17797.929
15-10-2020 21:27,16-10-2020 06:38,89%,5421,64.4,33035.3,28300.2,29401.417
16-10-2020 22:49,17-10-2020 07:21,82%,963,68.6,30746.8,28389.6,25212.376
17-10-2020 21:54,18-10-2020 07:02,85%,3505,70.7,32845.1,30108,27918.335
18-10-2020 21:38,19-10-2020 05:26,82%,19973,53.6,28062.2,23852.9,23011.004
19-10-2020 22:10,20-10-2020 05:04,69%,10154,61.3,24881.4,22393.2,17168.166
20-10-2020 22:20,21-10-2020 06:46,94%,0,41.9,30322.6,28604.3,28503.244
21-10-2020 22:27,22-10-2020 06:37,94%,3914,37.2,29424.4,28149.4,27658.936
22-10-2020 23:43,23-10-2020 07:02,84%,3087,38.4,26327.4,23431.4,22115.016
23-10-2020 22:29,24-10-2020 06:30,75%,4108,72.1,28877.6,24257.2,21658.2
24-10-2020 22:09,25-10-2020 05:18,78%,10543,46.1,25772,21992.1,20102.16
25-10-2020 22:32,26-10-2020 06:38,92%,12025,38.8,29141.9,27587.7,26810.548
26-10-2020 21:36,27-10-2020 05:04,61%,2342,92.1,26865.2,21939.9,16387.772
27-10-2020 21:31,28-10-2020 05:05,74%,10190,64.9,27275.1,23547.5,20183.574
28-10-2020 22:13,29-10-2020 07:02,83%,13108,72.2,31733.4,24540.5,26338.722
29-10-2020 22:22,30-10-2020 05:03,79%,7061,31.2,24008.6,21047.5,18966.794
30-10-2020 22:12,31-10-2020 05:57,84%,12663,47.9,27895.9,26501.1,23432.556
31-10-2020 22:00,01-11-2020 06:00,97%,13661,48.5,32407,29058.3,31434.79
01-11-2020 21:21,02-11-2020 05:06,75%,8573,66.8,27881.5,23885.2,20911.125
02-11-2020 22:26,03-11-2020 05:03,57%,7366,83.6,23847.8,18203.8,13593.246
03-11-2020 21:42,04-11-2020 07:04,83%,9077,75.3,33696.4,28754.3,27968.012
04-11-2020 21:45,05-11-2020 07:03,97%,505,49.6,33488.5,28688.5,32483.845
05-11-2020 22:15,06-11-2020 07:08,89%,1538,61.5,32008.4,27740.6,28487.476
06-11-2020 23:27,07-11-2020 07:14,81%,9335,55,28063.1,24040.7,22731.111
07-11-2020 22:02,08-11-2020 07:09,97%,11490,48.3,32817.5,30301.4,31832.975
09-11-2020 00:03,09-11-2020 07:05,68%,7385,67.4,25327,22034.5,17222.36
09-11-2020 21:55,10-11-2020 06:41,89%,7949,58.7,31547.8,27341.5,28077.542
10-11-2020 23:11,11-11-2020 07:27,70%,3949,86.4,29769.8,25403.6,20838.86
11-11-2020 22:49,12-11-2020 07:08,61%,2106,106.7,29944,28147.4,18265.84
12-11-2020 22:07,13-11-2020 07:02,91%,9604,57.9,32113.5,28259.9,29223.285
13-11-2020 22:24,14-11-2020 07:06,89%,9941,57.7,31335.8,27366.6,27888.862
14-11-2020 22:15,15-11-2020 06:58,76%,282,82.5,31380.6,30125.4,23849.256
15-11-2020 21:50,16-11-2020 05:04,79%,8294,48,26044.7,21617.1,20575.313
16-11-2020 22:00,17-11-2020 05:04,70%,8288,64.5,25424.7,22712.8,17797.29
17-11-2020 22:30,18-11-2020 06:12,76%,17101,63.7,27750.8,23310.7,21090.608
18-11-2020 22:24,19-11-2020 06:22,84%,1485,52.7,28692.3,23910.2,24101.532
19-11-2020 22:20,20-11-2020 06:04,82%,399,51.6,27864.2,21827,22848.644
20-11-2020 22:31,21-11-2020 06:11,82%,4936,50.2,27602.7,21346.1,22634.214
21-11-2020 21:33,22-11-2020 05:04,72%,2678,69.1,27090.8,23659.3,19505.376
22-11-2020 22:24,23-11-2020 05:06,74%,10668,45.1,24114.1,19773.6,17844.434
23-11-2020 21:43,24-11-2020 06:54,84%,972,73,33088.4,27022.2,27794.256
24-11-2020 22:41,25-11-2020 07:05,92%,2737,46.7,30212.2,27996.7,27795.224
25-11-2020 21:26,26-11-2020 05:03,75%,9778,65.2,27422.9,19287.4,20567.175
26-11-2020 21:55,27-11-2020 05:03,82%,12159,36.9,25683.8,23886,21060.716
27-11-2020 22:55,28-11-2020 05:34,77%,12336,37.7,23972.4,21734.9,18458.748
28-11-2020 22:19,29-11-2020 05:11,80%,10007,36,24734.6,23333,19787.68
29-11-2020 22:12,30-11-2020 05:12,81%,17777,36.9,25208.3,22771.5,20418.723
30-11-2020 21:51,01-12-2020 05:02,71%,11718,64.4,25807.6,20129.9,18323.396
02-12-2020 22:08,03-12-2020 06:22,91%,6539,44.2,29613.2,27540.3,26948.012
03-12-2020 22:02,04-12-2020 06:34,87%,5949,59.5,30757.3,29014.4,26758.851
04-12-2020 23:20,05-12-2020 07:11,78%,12342,62.9,28249.2,23446.8,22034.376
05-12-2020 22:08,06-12-2020 05:05,75%,8244,48.9,25014.1,21678.9,18760.575
06-12-2020 22:44,07-12-2020 06:28,76%,16065,65,27790.5,23899.8,21120.78
07-12-2020 21:59,08-12-2020 05:55,78%,249,63.4,28520.8,24052.6,22246.224
08-12-2020 22:00,09-12-2020 06:42,92%,7191,52.3,31287.9,29097.7,28784.868
10-12-2020 21:39,11-12-2020 05:06,76%,11287,58,26798.1,21885.1,20366.556
11-12-2020 22:35,12-12-2020 06:15,87%,12124,41,27609.6,23652.2,24020.352
13-12-2020 22:23,14-12-2020 05:03,74%,12199,44.2,23988,22228.9,17751.12
14-12-2020 22:20,15-12-2020 05:01,77%,10675,37,24028.2,21385.1,18501.714
15-12-2020 22:16,16-12-2020 07:03,93%,9939,52,31603.5,26020.2,29391.255
16-12-2020 21:42,17-12-2020 07:01,92%,6445,58.3,33522.8,28941.3,30840.976
17-12-2020 20:33,18-12-2020 07:01,93%,1280,55.7,37708.9,32806.8,35069.277
18-12-2020 23:35,19-12-2020 07:07,79%,6355,53.8,27140,22616.7,21440.6
19-12-2020 22:06,20-12-2020 06:01,83%,7489,54.6,28490,25641,23646.7
20-12-2020 21:59,21-12-2020 05:01,72%,13281,57.9,25325.8,21780.2,18234.576
21-12-2020 22:02,22-12-2020 06:52,87%,623,63.5,31793.8,25117.1,27660.606
22-12-2020 21:19,23-12-2020 05:42,92%,2959,46.7,30144.2,25019.7,27732.664
23-12-2020 21:32,24-12-2020 08:00,88%,2035,64.2,37709.1,31172.9,33184.008
26-12-2020 00:23,26-12-2020 07:03,70%,5076,52.9,23987.5,20149.5,16791.25
26-12-2020 22:28,27-12-2020 08:07,90%,5408,61,34743.1,28836.8,31268.79
28-12-2020 00:13,28-12-2020 08:17,91%,3247,40.7,29021.6,26990.1,26409.656
29-12-2020 00:10,29-12-2020 08:27,84%,9271,58.5,29770,25106.1,25006.8
30-12-2020 00:12,30-12-2020 08:04,70%,2114,78.2,28339.2,23332.6,19837.44
30-12-2020 23:10,31-12-2020 06:05,64%,7486,72.5,24905.6,17766,15939.584
31-12-2020 22:58,01-01-2021 06:50,75%,2384,68.2,28273.8,23184.5,21205.35
01-01-2021 22:26,02-01-2021 05:38,84%,11420,36.3,25917.9,22807.7,21771.036
02-01-2021 22:57,03-01-2021 06:49,90%,9873,39.4,28285.1,24419.5,25456.59
03-01-2021 21:32,04-01-2021 05:03,62%,3861,89,27061.5,23814.1,16778.13
04-01-2021 22:22,05-01-2021 05:49,85%,3537,40.2,26826.7,20388.3,22802.695
05-01-2021 22:02,06-01-2021 04:41,71%,4854,51.1,23936.9,20346.4,16995.199
06-01-2021 21:28,07-01-2021 05:02,94%,8312,24.4,27255.4,23076.2,25620.076
07-01-2021 21:55,08-01-2021 04:41,65%,0,67.6,24360.6,19001.3,15834.39
09-01-2021 00:56,09-01-2021 07:25,68%,12659,52.5,23313.2,21137.3,15852.976
10-01-2021 00:41,10-01-2021 08:24,58%,11525,100.7,27795.4,23811.4,16121.332
10-01-2021 22:35,11-01-2021 05:02,77%,10555,31.5,23244,19060.1,17897.88
11-01-2021 21:27,12-01-2021 05:02,70%,9123,73.2,27274.8,23638.2,19092.36
12-01-2021 22:48,13-01-2021 06:13,79%,9133,50.6,26709.7,24038.7,21100.663
13-01-2021 20:58,14-01-2021 05:41,97%,279,44.5,31384.3,25839.7,30442.771
14-01-2021 21:01,15-01-2021 06:02,75%,7778,87.5,32402.3,26677.9,24301.725
15-01-2021 23:26,16-01-2021 06:54,63%,8442,86.8,26825.2,22533.2,16899.876
16-01-2021 23:16,17-01-2021 07:12,78%,8849,65.1,28534.3,23683.5,22256.754
17-01-2021 22:48,18-01-2021 06:00,69%,310,67.9,25927.1,22470.1,17889.699
18-01-2021 22:49,19-01-2021 06:00,58%,3519,93.5,25878.2,19667.5,15009.356
19-01-2021 21:57,20-01-2021 06:02,78%,4128,67.3,29066.2,26740.9,22671.636
20-01-2021 22:09,21-01-2021 05:01,72%,8061,53.2,24736.1,20778.3,17809.992
21-01-2021 21:16,22-01-2021 05:00,78%,10239,61.6,27853.7,25161.1,21725.886
22-01-2021 22:32,23-01-2021 07:18,100%,7825,38,31559.5,29139.9,31559.5
23-01-2021 23:41,24-01-2021 07:20,91%,2790,31,27555.8,25902.4,25075.778
24-01-2021 22:50,25-01-2021 04:53,62%,22114,56.3,21736.1,18185.9,13476.382
25-01-2021 21:32,26-01-2021 05:01,46%,3909,124.4,26964.9,20763,12403.854
26-01-2021 22:03,27-01-2021 06:00,88%,8974,45.4,28647.2,25687,25209.536
27-01-2021 22:23,28-01-2021 05:38,74%,0,36.9,26100.1,23664.1,19314.074
28-01-2021 16:17,28-01-2021 17:04,7%,3559,0,2855.4,2798.3,199.878
28-01-2021 21:43,29-01-2021 06:36,91%,6687,27.3,31996.6,29650.2,29116.906
30-01-2021 00:07,30-01-2021 06:29,70%,13272,20.4,22926.8,19946.3,16048.76
30-01-2021 23:06,31-01-2021 06:26,72%,9759,35.2,26424.4,23253.5,19025.568
31-01-2021 22:06,01-02-2021 05:01,73%,9040,26.2,24885.4,22562.8,18166.342
01-02-2021 22:03,02-02-2021 05:02,75%,9151,25.2,25124.7,22863.5,18843.525
02-02-2021 21:15,03-02-2021 06:23,81%,9978,41.8,32869.4,30787.6,26624.214
03-02-2021 22:23,04-02-2021 05:00,59%,5431,45,23860,23382.8,14077.4
04-02-2021 22:21,05-02-2021 06:01,62%,9048,75.7,27591.3,24372.3,17106.606
05-02-2021 22:15,06-02-2021 05:31,63%,5307,68.5,26151,18480.1,16475.13
06-02-2021 22:47,07-02-2021 07:00,81%,0,47.1,29564.9,25425.8,23947.569
07-02-2021 22:17,08-02-2021 05:02,72%,10100,33.7,24269.2,21842.2,17473.824
08-02-2021 22:06,09-02-2021 05:01,75%,6431,32.2,24890.9,23895.3,18668.175
09-02-2021 21:12,10-02-2021 06:03,66%,7037,141.7,31801.1,26288.9,20988.726
10-02-2021 22:04,11-02-2021 06:08,83%,4975,48.2,29050.8,22175.4,24112.164
13-02-2021 00:35,13-02-2021 07:10,59%,9163,83.6,23670.1,20750.8,13965.359
13-02-2021 22:27,14-02-2021 06:46,84%,4727,53.8,29952.4,27057,25160.016
14-02-2021 23:31,15-02-2021 06:54,72%,6164,63.6,26555.5,22306.6,19119.96
15-02-2021 21:23,16-02-2021 06:03,85%,1668,61.1,31232.1,28213,26547.285
16-02-2021 21:14,17-02-2021 05:31,70%,3396,102.1,29768,25005.1,20837.6
17-02-2021 21:41,18-02-2021 05:07,83%,4263,32.2,26785.2,24285.3,22231.716
18-02-2021 23:05,19-02-2021 06:00,77%,3126,31.7,24912.7,23833.2,19182.779
20-02-2021 00:15,20-02-2021 07:02,75%,4865,33.1,24412.8,22052.9,18309.6
21-02-2021 01:15,21-02-2021 06:58,62%,9103,36.2,20582.3,18112.4,12761.026
21-02-2021 21:10,22-02-2021 05:00,75%,3490,67.9,28224.8,23614.7,21168.6
22-02-2021 21:08,23-02-2021 05:00,79%,10591,56.6,28291.8,24236.6,22350.522
23-02-2021 21:08,24-02-2021 05:00,76%,10444,65.3,28314.1,25765.9,21518.716
24-02-2021 23:20,25-02-2021 06:46,76%,8592,51.8,26754.2,19263,20333.192
25-02-2021 22:18,26-02-2021 06:24,76%,1857,72.4,29126.1,26601.9,22135.836
27-02-2021 00:41,27-02-2021 06:42,60%,17274,57.6,21657.7,17326.1,12994.62
27-02-2021 22:52,28-02-2021 07:04,91%,13773,35.8,29563.1,25325.7,26902.421
28-02-2021 22:03,01-03-2021 06:00,78%,2845,63.1,28654.2,24069.5,22350.276
01-03-2021 22:17,02-03-2021 06:00,79%,4054,132.6,27752.4,22201.9,21924.396
02-03-2021 22:13,03-03-2021 04:37,69%,5375,39.1,23010.7,17641.5,15877.383
03-03-2021 22:20,04-03-2021 05:34,74%,7579,94.4,26063.7,22762.3,19287.138
04-03-2021 21:50,05-03-2021 05:25,80%,5447,63.2,27301.4,24571.3,21841.12
05-03-2021 23:23,06-03-2021 06:11,71%,5007,74.1,24472.7,20067.6,17375.617
07-03-2021 00:45,07-03-2021 07:32,71%,0,76.1,24397.7,18460.9,17322.367
07-03-2021 22:31,08-03-2021 05:01,58%,3969,159.4,23399.3,15287.6,13571.594
08-03-2021 21:41,09-03-2021 05:00,70%,9189,121.4,26369.7,18898.3,18458.79
09-03-2021 21:40,10-03-2021 05:30,77%,4718,110.3,28183.8,23956.2,21701.526
10-03-2021 21:32,11-03-2021 06:20,100%,7347,59.1,31692.6,26093.5,31692.6
11-03-2021 23:48,12-03-2021 06:28,72%,1544,74.7,23993.7,20874.5,17275.464
12-03-2021 23:01,13-03-2021 06:59,87%,4808,69.7,28705.3,23825.4,24973.611
14-03-2021 00:01,14-03-2021 07:21,73%,17685,46.7,22836,20095.7,16670.28
14-03-2021 23:12,15-03-2021 06:09,82%,6766,33.6,25026.1,20437.9,20521.402
15-03-2021 21:57,16-03-2021 05:31,87%,3094,41.4,27205.8,23306.3,23669.046
16-03-2021 22:17,17-03-2021 06:14,69%,7420,135.9,28605.3,21930.7,19737.657
17-03-2021 22:51,18-03-2021 06:14,87%,6589,27.3,26574.3,22942.4,23119.641
18-03-2021 22:17,19-03-2021 05:43,77%,2605,78.6,26777.7,23028.8,20618.829
19-03-2021 22:41,20-03-2021 06:46,79%,0,96.3,29069.3,25484,22964.747
20-03-2021 23:44,21-03-2021 06:59,67%,4908,115.7,26135.4,19340.2,17510.718
21-03-2021 22:35,22-03-2021 05:00,78%,3468,16.8,23098.9,20173,18017.142
22-03-2021 22:06,23-03-2021 05:14,80%,4046,47.1,25698.7,20901.6,20558.96
23-03-2021 21:45,24-03-2021 05:11,78%,9557,72.9,26761.7,21855.4,20874.126
24-03-2021 22:18,25-03-2021 06:09,84%,5869,66.1,28264.3,25155.3,23742.012
25-03-2021 22:39,26-03-2021 06:11,75%,5510,88.1,27148.7,18913.6,20361.525
26-03-2021 23:09,27-03-2021 06:00,82%,7141,22.7,24690.9,21563.4,20246.538
27-03-2021 22:32,28-03-2021 07:47,99%,6532,54.2,33310.2,30534.3,32977.098
28-03-2021 22:47,29-03-2021 06:56,95%,22030,32.1,29338.6,24253.3,27871.67
29-03-2021 22:32,30-03-2021 05:02,77%,2222,22.3,23393.3,20898,18012.841
30-03-2021 21:56,31-03-2021 04:21,76%,13602,16.8,23106.7,20410.9,17561.092
31-03-2021 22:20,01-04-2021 06:45,95%,7623,37.5,30313.5,24654.9,28797.825
01-04-2021 23:53,02-04-2021 07:31,90%,4390,19.5,27480.3,24457.5,24732.27
03-04-2021 00:45,03-04-2021 07:11,59%,7394,105.4,23153.3,19371.6,13660.447
04-04-2021 00:08,04-04-2021 06:56,63%,8058,100.3,24488.6,17958.3,15427.818
04-04-2021 22:41,05-04-2021 06:55,93%,1414,36.8,29657.1,24417.7,27581.103
05-04-2021 22:38,06-04-2021 06:11,82%,21825,48.6,27153.3,23080.3,22265.706
06-04-2021 22:40,07-04-2021 05:36,76%,10208,45.4,24998,20248.4,18998.48
08-04-2021 02:13,08-04-2021 07:48,66%,10943,18.9,20122.2,19719.8,13280.652
08-04-2021 21:41,09-04-2021 06:01,67%,5903,142.2,30033.2,20022.1,20122.244
09-04-2021 23:44,10-04-2021 07:19,73%,4477,90.4,27328.2,20587.2,19949.586
10-04-2021 22:55,11-04-2021 07:00,65%,2284,149.4,29087.9,21234.1,18907.135
11-04-2021 22:14,12-04-2021 05:54,80%,14117,65.2,27620.6,23385.4,22096.48
12-04-2021 22:40,13-04-2021 06:00,69%,5895,99.4,26427.1,16384.8,18234.699
13-04-2021 21:45,14-04-2021 06:10,63%,3275,174.8,30282.4,22207.1,19077.912
14-04-2021 22:41,15-04-2021 06:00,62%,31593,142.2,26366.6,19071.8,16347.292
15-04-2021 21:51,16-04-2021 05:34,71%,3981,113.1,27812.7,20488.7,19747.017
16-04-2021 23:55,17-04-2021 06:29,51%,4404,175.6,23643.8,17811.7,12058.338
17-04-2021 23:58,18-04-2021 05:22,59%,0,56,19440.5,16394.8,11469.895
19-04-2021 00:58,19-04-2021 05:56,60%,11959,11.6,17889.9,16876.1,10733.94
19-04-2021 20:59,20-04-2021 05:31,85%,3255,89.3,30675.6,23313.5,26074.26
21-04-2021 22:07,22-04-2021 06:03,79%,8835,90.2,28553.4,23984.9,22557.186
22-04-2021 21:53,23-04-2021 05:32,66%,6430,139.4,27529.4,17435.3,18169.404
23-04-2021 22:08,24-04-2021 05:48,80%,9420,71.6,27596,20881,22076.8
24-04-2021 23:37,25-04-2021 07:02,85%,8921,30.8,26654.1,23455.6,22655.985
25-04-2021 22:44,26-04-2021 06:52,90%,24648,45.8,29256.4,26428.3,26330.76
26-04-2021 21:50,27-04-2021 06:38,91%,3652,72.1,31668.5,25334.8,28818.335
27-04-2021 22:31,28-04-2021 05:41,80%,8859,44.2,25803.9,20987.2,20643.12
28-04-2021 22:06,29-04-2021 05:44,77%,100,82,27497.6,22548,21173.152
29-04-2021 22:22,30-04-2021 05:32,69%,1924,97,25789.4,19771.9,17794.686
30-04-2021 23:09,01-05-2021 06:12,78%,7793,45.8,25349.8,20617.8,19772.844
01-05-2021 22:00,02-05-2021 05:32,71%,11128,105.7,27168.5,19289.6,19289.635
03-05-2021 22:37,04-05-2021 05:32,71%,1281,3765.1,24873.1,24540,17659.901
04-05-2021 22:12,05-05-2021 06:18,84%,11952,3868.6,29119.1,28740,24460.044
05-05-2021 22:27,06-05-2021 06:00,78%,2056,1418.5,27198.8,26880,21215.064
06-05-2021 22:13,07-05-2021 06:30,84%,8427,1965.3,29823.8,29520,25051.992
07-05-2021 23:32,08-05-2021 05:31,65%,9528,2442.5,21518.3,21210,13986.895
08-05-2021 23:23,09-05-2021 06:23,71%,23174,3178.8,25169.4,24870,17870.274
09-05-2021 21:10,10-05-2021 05:14,84%,7750,3730.3,29072,28770,24420.48
10-05-2021 22:01,11-05-2021 05:21,74%,10960,3055.8,26372.5,26040,19515.65
11-05-2021 21:51,12-05-2021 05:29,78%,9855,1544.2,27484.4,27150,21437.832
12-05-2021 22:21,13-05-2021 05:35,74%,7015,2813,25999.4,25680,19239.556
13-05-2021 21:57,14-05-2021 05:31,78%,10421,3100.6,27215.4,26910,21228.012
14-05-2021 23:36,15-05-2021 06:56,79%,10268,43.1,26391.3,21464.9,20849.127
15-05-2021 22:42,16-05-2021 05:30,73%,8630,46.9,24468,20390,17861.64
16-05-2021 22:25,17-05-2021 05:25,75%,16290,138.4,25227.4,18584.2,18920.55
17-05-2021 23:25,18-05-2021 06:45,79%,1418,56.5,26416.3,21485.3,20868.877
18-05-2021 22:55,19-05-2021 05:30,71%,9121,33.8,23675.4,20913.3,16809.534
19-05-2021 22:03,20-05-2021 05:34,81%,11460,48.3,27042.4,22355,21904.344
20-05-2021 22:27,21-05-2021 06:30,87%,6485,72.8,29030,22836.9,25256.1
21-05-2021 23:06,22-05-2021 06:38,81%,9661,25.3,27099.5,24931.6,21950.595
23-05-2021 00:10,23-05-2021 07:04,73%,38165,148.8,24832.5,18624.4,18127.725
23-05-2021 23:37,24-05-2021 06:30,74%,4974,39.8,24806.5,20920.1,18356.81
24-05-2021 22:02,25-05-2021 05:00,75%,13972,60.6,25055.3,20294.8,18791.475
25-05-2021 21:56,26-05-2021 04:54,74%,3094,199.7,25051.1,21042.9,18537.814
26-05-2021 21:52,27-05-2021 05:00,76%,8646,109,25665.1,18650,19505.476
27-05-2021 21:52,28-05-2021 06:01,87%,9275,105,29331.6,20923.2,25518.492
29-05-2021 01:31,29-05-2021 07:21,62%,1900,108.8,21023.3,15627.3,13034.446
29-05-2021 22:56,30-05-2021 06:44,82%,5545,229,28032,22892.8,22986.24
31-05-2021 22:11,01-06-2021 04:52,71%,9072,105.8,24062.6,16603.2,17084.446
01-06-2021 21:32,02-06-2021 05:41,87%,11771,129.9,29354.9,22114,25538.763
02-06-2021 22:23,03-06-2021 06:16,85%,5041,45.6,28418.7,24913.8,24155.895
03-06-2021 23:43,04-06-2021 06:44,76%,5963,16.7,25260.3,21302.8,19197.828
04-06-2021 22:58,05-06-2021 06:42,83%,4413,55.1,27835,24123.6,23103.05
06-06-2021 00:08,06-06-2021 07:38,81%,5872,31.5,27004.5,24304.1,21873.645
06-06-2021 21:43,07-06-2021 05:02,79%,2806,53.5,26339.3,22651.8,20808.047
07-06-2021 21:57,08-06-2021 04:42,73%,7483,17.6,24321.5,20511.1,17754.695
08-06-2021 22:18,09-06-2021 06:10,84%,7843,51.6,28305.9,24626.1,23776.956
09-06-2021 21:55,10-06-2021 05:14,78%,726,63.7,26351.9,22399.1,20554.482
10-06-2021 22:21,11-06-2021 05:35,77%,10694,83.6,26048.4,22054.3,20057.268
12-06-2021 00:03,12-06-2021 07:26,79%,5837,57.9,26619,22892.3,21029.01
14-06-2021 23:31,15-06-2021 05:22,65%,6155,5811.2,21095.8,16314.1,13712.27
15-06-2021 22:05,16-06-2021 05:06,74%,4833,4300,25233.5,20355,18672.79
16-06-2021 22:13,17-06-2021 05:01,71%,4414,3492.5,24453.5,19807.3,17361.985
17-06-2021 23:10,18-06-2021 07:05,79%,7979,3539.7,28472.4,22967.7,22493.196
19-06-2021 00:58,19-06-2021 06:11,59%,20821,5185.8,18775.2,18399.7,11077.368
20-06-2021 21:25,21-06-2021 04:24,71%,11364,2634.7,25126.1,21440.9,17839.531
21-06-2021 21:52,22-06-2021 05:49,79%,5730,2594.2,28634.3,28061.6,22621.097
22-06-2021 22:01,23-06-2021 05:11,74%,3456,2736.5,25827.2,25310.7,19112.128
23-06-2021 22:35,24-06-2021 06:34,79%,2596,2854.8,28734.3,25573.6,22700.097
24-06-2021 22:14,25-06-2021 05:35,74%,6033,2735.8,26421.6,23691.4,19551.984
26-06-2021 22:20,27-06-2021 06:02,79%,16816,4390.7,27714,25404.5,21894.06
27-06-2021 22:44,28-06-2021 04:59,69%,14740,1349.5,22516.4,17187.5,15536.316
28-06-2021 22:45,29-06-2021 05:10,69%,6556,1033.5,23100.4,20174.4,15939.276
29-06-2021 22:35,30-06-2021 04:37,69%,4656,1516.9,21702.9,16277.2,14975.001
30-06-2021 23:42,01-07-2021 06:15,71%,6444,1587.5,23564,19086.9,16730.44
02-07-2021 22:22,03-07-2021 06:01,79%,10314,1701.5,27529.7,25327.3,21748.463
03-07-2021 22:41,04-07-2021 06:02,74%,10318,1603,26481.9,25952.3,19596.606
05-07-2021 23:29,06-07-2021 04:54,59%,8390,17926.7,19492,16503.2,11500.28
09-07-2021 23:10,10-07-2021 06:43,79%,2580,1852.3,27188.8,24651.2,21479.152
10-07-2021 23:29,11-07-2021 06:52,74%,4367,1527.1,26588,23840.6,19675.12
11-07-2021 21:56,12-07-2021 05:23,74%,3175,5268.2,26793.6,24739.4,19827.264
12-07-2021 22:52,13-07-2021 05:01,69%,4818,4381.3,22158.7,18687.2,15289.503
13-07-2021 22:18,14-07-2021 06:06,79%,0,2478.8,28078.6,23866.8,22182.094
14-07-2021 22:39,15-07-2021 05:41,76%,8653,80.4,25289.1,19978.4,19219.716
18-07-2021 23:19,19-07-2021 05:35,68%,10694,83.6,22591.8,17998.2,15362.424
19-07-2021 21:26,20-07-2021 05:02,82%,7978,136.8,27321.4,19580.3,22403.548
20-07-2021 21:53,21-07-2021 05:01,77%,7357,11.4,25695.1,22012.1,19785.227
21-07-2021 22:21,22-07-2021 06:15,85%,3938,109.6,28439.8,23036.2,24173.83
22-07-2021 22:11,23-07-2021 06:00,85%,5028,49,28154.7,23931.5,23931.495
23-07-2021 21:05,24-07-2021 03:04,65%,11232,34.6,21561.4,19405.3,14014.91
24-07-2021 22:43,25-07-2021 06:13,81%,8018,68.4,26980.8,23203.5,21854.448
26-07-2021 21:30,27-07-2021 05:13,83%,1411,35,27760.6,24244.3,23041.298
27-07-2021 21:09,28-07-2021 05:07,86%,3657,7.1,28650.8,26167.8,24639.688
28-07-2021 22:23,29-07-2021 05:03,72%,3526,12.1,24002.6,19522.1,17281.872
30-07-2021 22:41,31-07-2021 06:51,88%,14955,57.6,29380.9,24288.2,25855.192
01-08-2021 22:24,02-08-2021 07:28,97%,2877,26.6,32611.5,29241.7,31633.155
02-08-2021 22:20,03-08-2021 05:29,77%,3930,8.3,25739.2,21706.8,19819.184
03-08-2021 21:21,04-08-2021 05:02,83%,2673,75.6,27668.5,24071.6,22964.855
04-08-2021 22:10,05-08-2021 04:43,71%,8152,50.1,23587.5,19970.8,16747.125
05-08-2021 22:32,06-08-2021 05:45,78%,2299,7.5,25988,23302.6,20270.64
06-08-2021 22:22,07-08-2021 05:47,80%,1016,48.6,26698.4,22693.7,21358.72
07-08-2021 21:58,08-08-2021 06:02,87%,1583,15.1,29001.1,26777.7,25230.957
08-08-2021 22:08,09-08-2021 05:01,74%,3763,35.6,24771.6,20643,18330.984
09-08-2021 21:53,10-08-2021 06:07,89%,2547,63.4,29661.7,24322.6,26398.913
10-08-2021 21:19,11-08-2021 04:55,82%,2003,30.5,27364.8,23260.1,22439.136
12-08-2021 21:15,13-08-2021 04:58,83%,2867,43.7,27774.2,23700.6,23052.586
13-08-2021 21:27,14-08-2021 06:07,94%,2772,14.4,31225.7,27166.4,29352.158
14-08-2021 21:47,15-08-2021 05:55,88%,1973,13.2,29301.4,25589.9,25785.232
15-08-2021 21:38,16-08-2021 06:10,92%,852,12.5,30732.5,27556.8,28273.9
16-08-2021 21:31,17-08-2021 05:00,81%,939,21.9,26940.4,23348.3,21821.724
18-08-2021 21:53,19-08-2021 05:00,77%,2435,27.6,25612,19892,19721.24
20-08-2021 22:51,21-08-2021 06:09,79%,10416,44.1,26284.7,20940.1,20764.913
22-08-2021 00:20,22-08-2021 06:07,62%,1416,127.2,20845.1,14174.7,12923.962
22-08-2021 22:58,23-08-2021 05:03,65%,2096,34.2,21860.8,17998.7,14209.52
23-08-2021 22:06,24-08-2021 05:00,74%,759,40.8,24813.7,19189.2,18362.138
24-08-2021 21:45,25-08-2021 06:09,90%,1780,52.8,30193.3,27475.9,27173.97
25-08-2021 22:09,26-08-2021 06:38,91%,2385,63,30556,24037.4,27805.96
26-08-2021 23:10,27-08-2021 07:00,83%,5720,54.5,28209,22191.1,23413.47
27-08-2021 22:46,28-08-2021 06:34,86%,8642,41.6,28084.1,24058.7,24152.326
28-08-2021 22:22,29-08-2021 06:20,83%,4262,64.8,28730.8,23080.4,23846.564
29-08-2021 22:18,30-08-2021 05:54,79%,5694,61.8,27347.5,19963.6,21604.525
30-08-2021 21:37,31-08-2021 05:52,60%,4655,185.3,29708.3,22380.3,17824.98
31-08-2021 21:31,01-09-2021 06:30,64%,3637,194.2,32344.4,24797.4,20700.416
01-09-2021 22:07,02-09-2021 06:24,82%,6765,83.3,29811.9,22259.5,24445.758
02-09-2021 22:49,03-09-2021 05:58,49%,4188,206.3,25738.3,21791.7,12611.767
03-09-2021 22:21,04-09-2021 06:15,75%,2962,99.4,28442.8,22280.2,21332.1
05-09-2021 00:32,05-09-2021 06:44,69%,4091,34.3,22292.9,21847.1,15382.101
06-09-2021 22:13,07-09-2021 06:29,97%,4072,10.2,29714.9,29120.6,28823.453
07-09-2021 21:45,08-09-2021 06:21,100%,3768,11.4,30953.2,26826.1,30953.2
08-09-2021 23:16,09-09-2021 06:11,76%,990,41.4,24911.3,20427.3,18932.588
09-09-2021 22:28,10-09-2021 05:35,80%,3191,33.8,25591.6,20985.1,20473.28
11-09-2021 22:47,12-09-2021 05:30,75%,660,32.6,24197.9,20164.9,18148.425
12-09-2021 22:01,13-09-2021 04:52,77%,20016,29.7,24686.7,20654.5,19008.759
13-09-2021 21:21,14-09-2021 06:32,100%,1872,23.8,33084,26357,33084
14-09-2021 21:59,15-09-2021 05:01,80%,1053,28.3,25315.7,21265.2,20252.56
16-09-2021 22:16,17-09-2021 04:51,74%,3910,28.4,23701.2,19672,17538.888
17-09-2021 21:04,18-09-2021 05:35,93%,3021,43.3,30648.4,26561.9,28503.012
18-09-2021 22:25,19-09-2021 07:30,98%,1907,44.5,32698.7,28447.8,32044.726
19-09-2021 21:57,20-09-2021 04:46,77%,1279,31.1,24555.5,19726.2,18907.735
20-09-2021 22:36,21-09-2021 06:08,73%,2497,90.1,27105.1,20328.8,19786.723
21-09-2021 21:36,22-09-2021 04:46,79%,2309,37.8,25822,20055.1,20399.38
22-09-2021 22:03,23-09-2021 05:50,88%,1046,25.5,28033.4,23734.9,24669.392
23-09-2021 22:07,24-09-2021 04:45,76%,1374,22.2,23887.8,18314,18154.728
24-09-2021 22:46,25-09-2021 06:30,86%,3611,34.7,27869.1,22945.6,23967.426
25-09-2021 23:08,26-09-2021 05:01,67%,24273,25.6,21182,17651.7,14191.94
26-09-2021 22:16,27-09-2021 04:56,78%,502,13.7,23974.8,20138.8,18700.344
27-09-2021 21:30,28-09-2021 06:19,100%,1275,20.2,31740.2,28248.8,31740.2
28-09-2021 21:17,29-09-2021 04:46,85%,384,25.4,26897.7,21697.5,22863.045
30-09-2021 21:38,01-10-2021 04:46,79%,3863,34.5,25700,22530.3,20303
01-10-2021 22:54,02-10-2021 06:01,80%,1264,27.5,25667.1,22415.9,20533.68
03-10-2021 22:02,04-10-2021 04:47,76%,5463,24.7,24285.3,20237.8,18456.828
04-10-2021 22:10,05-10-2021 06:41,94%,489,34,30635.3,26142.1,28797.182
05-10-2021 21:27,06-10-2021 04:47,72%,607,80.7,26418.7,20342.4,19021.464
07-10-2021 22:09,08-10-2021 04:46,75%,1242,26.8,23813,21034.8,17859.75
09-10-2021 22:20,10-10-2021 06:02,82%,6020,51.6,27777.4,25277.4,22777.468
11-10-2021 22:58,12-10-2021 06:53,85%,7493,45.3,28470,25243.4,24199.5
12-10-2021 22:00,13-10-2021 04:46,70%,126,58.3,24312.4,21151.8,17018.68
13-10-2021 21:47,14-10-2021 06:02,88%,1711,49.1,29685.3,25430.4,26123.064
14-10-2021 22:24,15-10-2021 04:45,75%,979,6.8,22879.7,15558.2,17159.775
17-10-2021 22:22,18-10-2021 04:46,57%,3526,116,23018.1,17340.3,13120.317
18-10-2021 23:03,19-10-2021 06:02,80%,2712,19.5,25148.3,21627.5,20118.64
19-10-2021 22:20,20-10-2021 04:43,62%,603,83.8,22947.5,17210.6,14227.45
21-10-2021 22:20,22-10-2021 04:47,73%,1067,24.3,23253.4,19455.4,16974.982
22-10-2021 21:42,23-10-2021 06:43,100%,3359,18.2,32431.6,26810.1,32431.6
24-10-2021 21:36,25-10-2021 04:47,81%,8383,24.5,25846.8,22745.2,20935.908
25-10-2021 21:03,26-10-2021 06:33,96%,574,48.4,34173.7,30642.4,32806.752
26-10-2021 22:10,27-10-2021 04:46,74%,2777,29.8,23761.5,17583.5,17583.51
28-10-2021 22:16,29-10-2021 06:22,89%,1745,35.7,29129.9,26119.8,25925.611
30-10-2021 00:29,30-10-2021 08:05,80%,2804,53.9,27319.8,22038,21855.84
30-10-2021 23:00,31-10-2021 07:32,91%,8460,46.5,30667.8,26476.6,27907.698
31-10-2021 22:30,01-11-2021 05:30,67%,2165,91,25240.6,18593.9,16911.202
01-11-2021 23:07,02-11-2021 04:46,65%,1236,18.9,20357,17507,13232.05
02-11-2021 21:44,03-11-2021 04:45,74%,1547,52.6,25270.3,20721.7,18700.022
04-11-2021 22:20,05-11-2021 06:17,88%,1793,33.4,28617.3,24133.9,25183.224
05-11-2021 21:31,06-11-2021 10:29,100%,2016,6,46703.4,45769.4,46703.4
06-11-2021 21:39,07-11-2021 05:27,94%,15754,44.7,31648.5,27428.7,29749.59
07-11-2021 21:51,08-11-2021 05:53,79%,13958,77.6,28935.2,24787.8,22858.808
08-11-2021 21:51,09-11-2021 04:46,65%,798,92.9,24895.4,18505.6,16182.01
09-11-2021 22:02,10-11-2021 04:46,80%,727,2.6,24207.5,21544.7,19366
11-11-2021 21:43,12-11-2021 06:19,100%,1863,2.5,30961.2,28277.9,30961.2
12-11-2021 22:18,13-11-2021 06:31,96%,1297,9.2,29530.1,26281.8,28348.896
14-11-2021 22:13,15-11-2021 06:09,87%,4696,35.3,28546.5,25977.3,24835.455
15-11-2021 21:34,16-11-2021 04:31,82%,121,6.7,25029.7,21358.7,20524.354
16-11-2021 21:32,17-11-2021 04:32,82%,597,8.4,25202.2,21589.9,20665.804
18-11-2021 22:03,19-11-2021 06:10,93%,2695,17.5,29189.7,25103.2,27146.421
19-11-2021 23:48,20-11-2021 07:40,79%,5231,21.2,28322.6,24168.6,22374.854
20-11-2021 22:07,21-11-2021 07:45,86%,1060,34,34679,33985.4,29823.94
21-11-2021 21:59,22-11-2021 06:11,81%,4876,36.4,29478.2,26333.9,23877.342
22-11-2021 21:25,22-11-2021 23:29,25%,0,8.2,7452.5,7303.4,1863.125
23-11-2021 21:15,24-11-2021 04:16,74%,4110,30.6,25291,21581.7,18715.34
24-11-2021 20:26,25-11-2021 07:13,85%,4484,1.8,38815.6,36227.9,32993.26
25-11-2021 21:59,26-11-2021 06:12,81%,4893,32.2,29600.7,27430,23976.567
27-11-2021 23:23,28-11-2021 07:50,90%,12048,17.8,30385.3,26536.5,27346.77
28-11-2021 21:34,29-11-2021 05:32,80%,2044,27.1,28684.8,28111.1,22947.84
29-11-2021 21:27,30-11-2021 04:20,75%,2701,19.6,24817.9,20268,18613.425
30-11-2021 21:02,01-12-2021 04:21,80%,2333,19.1,26310.5,25784.3,21048.4
02-12-2021 22:08,03-12-2021 06:00,88%,2240,16.4,28364.5,25433.5,24960.76
05-12-2021 21:51,06-12-2021 05:54,80%,2585,26.2,29000.6,25617.2,23200.48
06-12-2021 21:33,07-12-2021 04:21,71%,556,22.9,24506.7,20585.6,17399.757
07-12-2021 21:20,08-12-2021 04:22,82%,1933,12.1,25297,24791.1,20743.54
09-12-2021 21:38,10-12-2021 07:14,100%,3477,15.8,34580.1,33427.4,34580.1
10-12-2021 22:28,11-12-2021 05:33,62%,3637,35,25500.6,22100.5,15810.372
11-12-2021 21:47,12-12-2021 06:00,89%,2887,18.9,29553,24430.5,26302.17
12-12-2021 22:05,13-12-2021 05:42,77%,14029,24.6,27426.8,24227,21118.636
13-12-2021 21:40,14-12-2021 04:21,81%,2863,8.1,24066.5,23585.2,19493.865
14-12-2021 22:01,15-12-2021 04:21,58%,4297,31.2,22804.5,20296,13226.61
16-12-2021 22:53,17-12-2021 06:44,63%,2394,41,28232,25220.6,17786.16
17-12-2021 21:05,18-12-2021 06:00,54%,5550,77.5,32108.7,28576.8,17338.698
18-12-2021 06:03,18-12-2021 06:51,10%,0,0,2863,0,286.3
18-12-2021 23:28,19-12-2021 07:19,57%,14022,70.8,28212.8,26143.9,16081.296
19-12-2021 21:41,20-12-2021 05:41,72%,2536,47.2,28780.4,28204.8,20721.888
20-12-2021 21:56,21-12-2021 04:21,62%,632,37.5,23078.1,22616.5,14308.422
21-12-2021 22:25,22-12-2021 04:41,51%,3444,60.6,22614.9,17865.7,11533.599
24-12-2021 22:40,25-12-2021 07:10,74%,4206,53.6,30625.3,25317,22662.722
25-12-2021 21:29,26-12-2021 06:16,77%,737,53.6,31615.1,25924.4,24343.627
27-12-2021 22:00,28-12-2021 08:21,75%,8377,62.8,37220.9,32010,27915.675
28-12-2021 22:12,29-12-2021 07:28,83%,9273,49.5,33363.9,29693.8,27692.037
29-12-2021 23:05,30-12-2021 07:15,73%,1519,55.9,29439.8,22766.8,21491.054
30-12-2021 22:03,31-12-2021 05:06,73%,88,32,25358.3,24851.1,18511.559
31-12-2021 21:56,01-01-2022 07:07,73%,8538,69,33061.7,28763.7,24135.041
01-01-2022 22:28,02-01-2022 06:51,78%,10258,50.7,30129,26513.5,23500.62
02-01-2022 21:19,03-01-2022 05:37,75%,3394,56.5,29899.5,25813.2,22424.625
03-01-2022 21:28,04-01-2022 05:33,67%,8857,69.5,29108.4,26488.6,19502.628
04-01-2022 21:38,05-01-2022 05:31,78%,5589,43.3,28379.5,27811.9,22136.01
06-01-2022 22:38,07-01-2022 05:46,73%,6962,38.1,25668.4,21219.2,18737.932
07-01-2022 23:22,08-01-2022 08:19,78%,3998,63.3,32236,27830.4,25144.08
09-01-2022 00:42,09-01-2022 07:35,69%,16983,42.4,24749,21531.7,17076.81
09-01-2022 22:26,10-01-2022 05:42,77%,1583,33.3,26217.9,19925.6,20187.783
10-01-2022 22:13,11-01-2022 06:10,81%,8373,38.3,28632.8,28060.2,23192.568
11-01-2022 21:55,12-01-2022 05:44,81%,4320,36.9,28129,22690.7,22784.49
13-01-2022 23:04,14-01-2022 06:10,69%,0,45.4,25547.8,21800.8,17627.982
15-01-2022 22:26,16-01-2022 06:40,83%,8414,40,29612.6,24578.5,24578.458
16-01-2022 23:15,17-01-2022 05:03,60%,2992,36.2,20846.9,18275.7,12508.14
17-01-2022 05:03,17-01-2022 06:35,20%,2992,0,5510.8,0,1102.16
17-01-2022 22:07,18-01-2022 05:01,73%,2660,33.1,24855,22452.3,18144.15
18-01-2022 22:14,19-01-2022 05:41,82%,4019,26.7,26859.7,21666.8,22024.954
20-01-2022 21:21,21-01-2022 04:22,77%,3461,26.4,25228.6,20603.3,19426.022
21-01-2022 23:00,22-01-2022 08:20,96%,4168,30.7,33582.6,29888.5,32239.296
22-01-2022 23:25,23-01-2022 06:15,68%,11558,42.4,24580.6,19254.8,16714.808
23-01-2022 22:36,24-01-2022 05:01,63%,11528,42.7,23065.2,20758.7,14531.076
24-01-2022 21:59,25-01-2022 05:01,69%,4173,43.9,25318.7,20508.1,17469.903
25-01-2022 21:42,26-01-2022 04:21,63%,4103,48,23941.3,19472.2,15083.019
27-01-2022 21:32,28-01-2022 04:21,78%,9818,21.9,24551.6,22014.6,19150.248
28-01-2022 22:37,29-01-2022 08:14,98%,157,28.8,34591.5,28480.4,33899.67
29-01-2022 23:33,30-01-2022 07:43,88%,8498,30.5,29418.3,27359,25888.104
30-01-2022 22:45,31-01-2022 06:06,80%,2680,28.9,26484.1,21717,21187.28
31-01-2022 22:22,01-02-2022 06:05,85%,5663,27,27757.8,24982,23594.13
01-02-2022 21:57,02-02-2022 04:22,69%,1203,29.3,23095.4,19246.2,15935.826
03-02-2022 22:12,04-02-2022 04:20,67%,2541,39,22114.4,17396.7,14816.648
05-02-2022 22:00,06-02-2022 06:46,90%,668,34,31606.6,23915.7,28445.94
06-02-2022 22:49,07-02-2022 05:01,63%,7039,47.3,22354.3,18554,14083.209
07-02-2022 21:47,08-02-2022 04:33,68%,3607,47,24363.5,20546.6,16567.18
08-02-2022 21:19,09-02-2022 04:16,70%,3454,44.8,25064.8,22474.8,17545.36
11-02-2022 00:50,11-02-2022 05:40,59%,3012,32,17424.7,15217.6,10280.573
12-02-2022 00:04,12-02-2022 07:04,70%,2698,42.6,25175.3,22238.2,17622.71
13-02-2022 22:18,14-02-2022 04:52,69%,5274,40,23598.8,18721.7,16283.172
14-02-2022 21:01,15-02-2022 04:36,88%,3501,33.7,27277.9,21276.8,24004.552
15-02-2022 21:52,16-02-2022 04:15,52%,5096,53.2,23005.5,18481.1,11962.86
17-02-2022 21:41,18-02-2022 04:21,77%,9594,34.1,23997.1,18877.7,18477.767
18-02-2022 21:42,19-02-2022 06:40,86%,1054,44.7,32315.4,29083.9,27791.244
19-02-2022 20:08,20-02-2022 05:35,71%,12588,56.7,34046.3,28598.9,24172.873
20-02-2022 23:14,21-02-2022 06:20,79%,11844,37.3,25576.9,20376.3,20205.751
21-02-2022 21:24,22-02-2022 04:22,69%,3226,44.4,25104.7,24602.6,17322.243
23-02-2022 21:40,24-02-2022 04:31,82%,277,31.3,24661.6,21455.6,20222.512
24-02-2022 21:51,25-02-2022 04:22,66%,5796,42.2,23487.8,19808,15501.948
26-02-2022 23:27,27-02-2022 07:04,87%,6507,34.3,27411,24487.2,23847.57
27-02-2022 22:05,28-02-2022 04:20,60%,574,44.7,22493.7,20019.4,13496.22
28-02-2022 21:57,01-03-2022 04:22,52%,4719,55.3,23112.9,20570.4,12018.708
02-03-2022 22:00,03-03-2022 04:22,58%,1957,49.7,22918.4,19327.9,13292.672
03-03-2022 21:59,04-03-2022 04:20,72%,3065,36.2,22911.2,19398.1,16496.064
06-03-2022 22:12,07-03-2022 04:56,58%,8364,52.6,24265.7,20464.1,14074.106
07-03-2022 21:43,08-03-2022 04:21,69%,1919,41.5,23867.3,20685,16468.437
09-03-2022 21:06,10-03-2022 04:21,78%,4976,39.7,26113.2,22109.2,20368.296
10-03-2022 21:12,11-03-2022 05:40,81%,3925,47.1,30504,25725.1,24708.24
14-03-2022 22:33,15-03-2022 04:21,73%,1232,27.6,20858.1,16060.7,15226.413
16-03-2022 21:59,17-03-2022 04:30,81%,2339,28,23503.9,18254.7,19038.159
17-03-2022 21:39,18-03-2022 04:40,74%,2045,39.7,25269.4,21815.9,18699.356
19-03-2022 23:41,20-03-2022 07:03,83%,1985,34.6,26505.3,23413,21999.399
20-03-2022 22:01,21-03-2022 04:21,74%,741,31.6,22770.5,20189.9,16850.17
21-03-2022 21:23,22-03-2022 04:21,82%,4675,30.9,25122.6,21689.2,20600.532
23-03-2022 22:30,24-03-2022 06:03,72%,2521,45.1,27162,25079.6,19556.64
24-03-2022 21:33,25-03-2022 04:21,71%,3903,39.7,24474.1,20803,17376.611
25-03-2022 16:48,25-03-2022 17:30,9%,495,0,2536.2,0,228.258
28-03-2022 22:53,29-03-2022 04:50,77%,456,17.3,21433.6,15860.8,16503.872
29-03-2022 22:44,30-03-2022 05:11,68%,5156,38.2,23225.9,18813,15793.612
